3855,2946.806452,846.1540476,-2143.043972,4496,2946.806452,905.5332565,-1774.977689,4733,2901.548387,752.7107502,246.3342025,5305,2890.016129,846.2840119,553.64832,139.2698413,139.2698413,139.2698413,53.73437945,53.73437945,53.73437945,-2.116052293,-2.116052293,-2.116052293,8.1875,21.98640646,4.589466774,0
4449,3030.241935,1040.997532,-1523.279365,5744,3030.241935,1233.506145,-433.9106725,6329,3193.870968,1480.62922,587.5530099,4610,3175.887097,999.8996096,-513.0364277,134.3090354,134.3090354,134.3090354,54.51914539,54.51914539,54.51914539,-2.01417538,-2.01417538,-2.01417538,8.984375,22.80930978,4.933210021,0
5830,4062.645161,1189.409492,-2790.116534,5993,4062.645161,1261.371285,-2347.618301,6870,4039.725806,1347.484193,-320.6896362,6163,4072.064516,930.4086662,-153.562885,135.1208135,135.1208135,135.1208135,52.55462825,52.55462825,52.55462825,-2.126306861,-2.126306861,-2.126306861,9.83984375,23.64822752,4.275273457,0
4979,3520.596774,1008.685002,-2554.537656,5305,3520.596774,1134.089097,-1944.115514,5089,3419.580645,924.7506996,-556.732573,5375,3400.596774,869.0565047,65.06655323,132.9971838,132.9971838,132.9971838,56.09875119,56.09875119,56.09875119,-1.890939352,-1.890939352,-1.890939352,17.1796875,39.40689025,3.040972922,0
5311,3773.33871,1124.29991,-2470.719737,5790,3773.33871,1200.421363,-2081.225678,5554,3876.887097,722.9467054,129.443456,6349,3882.725806,1248.138694,153.5647701,158.7194346,155.3229971,153.4401024,9.767162149,7.152444806,5.830121923,0.812295694,0.69235242,0.498150657,8.3671875,18.92777467,5.858103142,0
7230,4788.854839,1481.879657,-2803.917094,7346,4788.854839,1455.173195,-2903.12502,7155,4890.532258,1091.756423,124.0366124,7063,4891.580645,1095.48227,-36.20729798,115.5520563,115.5520563,115.5520563,25.77472531,25.77472531,25.77472531,-4.562863624,-4.562863624,-4.562863624,9.482421875,23.12388721,5.072981003,0
4928,3325.145161,1155.983018,-1556.991537,5036,3325.145161,1096.118766,-1638.44229,5089,3320.83871,907.9815828,-181.9335899,6023,3336.290323,1266.890292,1119.671366,129.5643275,126.7030075,126.0923141,7.396306106,5.109242626,3.785420222,1.841821268,3.410194957,3.724831429,14.84765625,31.18519235,4.926074561,0
5497,3741.596774,1249.423976,-1790.536339,5271,3741.596774,1165.75907,-2265.179262,5673,3697.354839,1073.888324,-346.7052817,6092,3702.919355,1005.334967,227.4008898,126.0204082,126.0204082,126.0204082,46.22291611,46.22291611,46.22291611,-2.287694902,-2.287694902,-2.287694902,16.36328125,36.97899462,3.260132387,0
5291,3135.693548,1103.908651,-1192.022242,4757,3135.693548,948.316515,-1973.557432,5093,3080.677419,807.7506357,276.3974296,4280,3075.629032,756.0120803,-298.754631,130.1976461,130.1976461,130.1976461,39.49854482,39.49854482,39.49854482,-2.795736665,-2.795736665,-2.795736665,13.57421875,31.52814163,3.778937661,0
6051,3965.532258,1323.453848,-1877.391337,5662,3965.532258,1231.17308,-2368.343006,5736,3779.112903,1211.165476,-416.5575298,6357,3815.822581,1109.474149,628.7845489,109.3955343,109.3955343,109.3955343,35.06403137,35.06403137,35.06403137,-2.755646642,-2.755646642,-2.755646642,14.10546875,35.13735458,3.887034407,0
5879,3363.741935,1468.703641,-377.0919527,5050,3363.741935,1133.640709,-1600.431698,5396,3485.290323,1341.130161,-570.8436098,6718,3484.096774,1306.819183,511.0142647,88.01282051,88.01282051,88.01282051,41.05837836,41.05837836,41.05837836,0.091634716,0.091634716,0.091634716,5.1171875,10.80438879,3.47500776,0
5553,3830.83871,1480.377057,-1939.885666,5937,3830.83871,1421.712486,-1476.765944,5290,4041.951613,840.557734,-274.222875,8431,4059.129032,2619.915577,710.4878491,130.6277778,130.6277778,130.6277778,36.89466374,36.89466374,36.89466374,-0.687629289,-0.687629289,-0.687629289,7.390625,16.91773464,4.987644701,0
5113,3957.064516,1106.263383,-3099.95263,10795,3957.064516,2640.505798,3019.051903,5990,3982.435484,1215.2736,-777.6726222,5252,3955.145161,1057.502747,-1046.591341,104.0181085,104.0181085,104.0181085,22.28763043,22.28763043,22.28763043,-1.881407211,-1.881407211,-1.881407211,6.95703125,17.73506133,6.728320993,0
4412,3453.725806,948.8844413,-2837.831661,10398,3453.725806,2367.320748,2842.739095,5808,3577.919355,1236.317715,-443.1678261,5661,3556.032258,1139.142844,-521.8759635,129.6378601,127.7613169,127.6778366,23.69744777,20.80206959,17.4139263,-0.339525187,-0.383507985,-0.424024406,9.80078125,21.41979309,5.371732024,0
3913,2663.241935,835.2880261,-1596.029203,7207,2663.241935,1872.737686,1584.387455,5552,2973.822581,1421.574258,-204.1537677,4395,2973.064516,928.2025271,-204.2614911,116.7939558,116.479068,116.3844762,18.17196902,17.02551219,15.79979578,-0.104075762,-0.23990049,-0.401151903,6.5625,17.32901305,7.144836626,0
4906,3161.096774,1158.396552,-1269.083012,8571,3161.096774,2301.829684,1843.621473,5502,3457.177419,972.4265546,282.1937947,5404,3474.096774,1296.427544,-36.0009344,145.5958486,144.2872405,140.2367143,19.8945316,18.31600673,15.97276053,-0.336912209,-0.348917658,-0.381314035,4.46484375,14.23056301,7.508527085,0
7980,3880.903226,1600.508696,-78.42013585,6005,3880.903226,1203.998214,-2282.053767,5683,3903.596774,918.1896013,211.0403244,6027,3921.129032,1351.816418,-403.6313989,130.4704586,129.8734568,128.9872134,25.19142778,23.45986744,21.0263611,-0.44520471,-0.435280066,-0.44927981,12.90625,27.53056593,4.855218185,0
7763,3296,1813.13626,1270.175862,5036,3296,1099.525015,-1474.284301,5018,3574.225806,1001.402845,-568.2125955,5474,3585.193548,1099.86103,-459.4928496,128.2058288,127.5191257,124.6275046,26.39595312,25.05022457,22.74285351,-0.418652306,-0.41547458,-0.417429095,6.3125,14.15225588,5.097643293,0
12462,3441.919355,3013.701536,4960.433879,5006,3441.919355,1056.939897,-2029.274574,5029,3332.677419,940.7696364,-309.477462,5070,3315.096774,855.3250035,-548.9088456,207.7170868,208.3669468,204.9337068,23.01640054,21.44462371,20.25648547,-3.135579119,-3.095744784,-3.052448445,7.08203125,19.86272441,6.811604455,0
4308,3166.370968,904.1328805,-2343.081488,7146,3166.370968,1870.273322,913.5542551,4694,3385.451613,547.5930817,18.24945794,5663,3395.177419,1008.159942,213.2820564,128.9237071,125.3041475,119.9344598,30.67709727,27.91070298,24.14927984,-0.864838634,-0.874774625,-0.872720722,10.2890625,20.58035081,5.158119158,0
7340,4431.580645,1574.328895,-1859.882939,6089,4431.580645,1329.978748,-2916.289753,5866,4371.274194,872.8362957,-295.5733417,6814,4372.532258,1067.916312,15.48384949,95.27232143,96.12152778,93.63293651,20.12603512,19.11153076,18.09417018,0.636667198,0.645088875,0.626916712,11.0078125,23.95402828,4.930420596,1
6902,4495.145161,1483.973979,-2015.151341,6477,4495.145161,1394.870486,-2573.346863,6209,4500.483871,995.7262667,-911.9951848,6354,4519.483871,1128.685215,-713.1262274,96.680839,98.09410431,95.79081633,19.90244507,19.05866315,18.08050483,0.599262991,0.637381448,0.655206378,9.55078125,20.44207756,4.50614163,1
6133,3899.580645,1295.853344,-1810.660613,5945,3899.580645,1294.931902,-1777.917452,5505,3848.66129,1054.969086,-342.4336988,5712,3845.854839,859.9541219,-360.1465576,69.76477512,69.76477512,69.76477512,46.23029292,46.23029292,46.23029292,-0.666550123,-0.666550123,-0.666550123,5.122070313,17.58560281,7.216466651,1
7147,4610.967742,1574.743881,-1888.041422,6461,4610.967742,1368.155539,-3114.52938,6340,4611.709677,980.6740504,-862.1137499,6607,4642.064516,1229.836861,-514.188647,95.96119929,97.42857143,95.20164609,20.26745681,19.36199559,18.34837983,0.682961571,0.731853944,0.745466893,9.23046875,20.56136008,4.849127293,1
7346,4978.467742,1720.559424,-2192.102028,6710,4978.467742,1443.613742,-3542.889829,6993,5084.112903,1261.521817,-460.8900722,7332,5100.854839,1395.157245,-781.2999582,93.42539683,94.91619048,92.94285714,19.2168409,18.21115892,17.14355554,0.627209546,0.622322773,0.597149762,8.5703125,18.80407139,4.710134124,1
5033,3557.483871,1058.968849,-2383.093549,6549,3557.483871,1532.915383,-400.039188,8136,3855.693548,1516.024359,1858.043657,6933,3870.241935,1360.76457,-332.4528844,83.67380952,84.19047619,80.6797619,18.91249557,17.82750874,16.74972835,0.606426113,0.734159803,0.847164458,12.94921875,25.78254111,4.831440898,1
7255,3892.516129,1822.547435,-279.3321523,5667,3892.516129,1194.796429,-2371.626962,6072,4094.048387,1168.438818,-346.0303888,5953,4126.306452,1214.160544,-1186.934755,61.85763889,63.11805556,64.12599206,17.13413096,15.78997671,14.23209677,0.296745452,0.392975604,0.446501148,11.79296875,25.09979139,5.310233006,1
7275,4253.677419,1453.248128,-1549.408258,6318,4253.677419,1271.307541,-2728.125349,6541,4343.225806,1508.17027,-251.4127318,7807,4342.758065,1164.980295,840.5997265,62.04285714,62.73333333,63.57989418,16.86933175,16.05825374,14.81266504,0.381348306,0.45172628,0.492717875,10.8046875,23.01958675,4.939201325,1
6620,3997.048387,1462.602491,-1318.199964,5608,3997.048387,1196.928292,-2578.695619,5694,3960.209677,1132.695502,-575.1410935,5153,3960.887097,748.4481602,-371.7418227,64.6005291,64.95343915,65.50952381,15.65824494,14.89437063,13.92216323,0.248142697,0.317308818,0.372811417,10.76953125,21.47940845,4.252143835,1
6192,3822.129032,1498.628905,-1287.584027,6298,3822.129032,1181.801406,-2133.420618,5526,3978.370968,868.9252396,-257.3670945,6427,3971.983871,996.9317848,147.844287,62.17604618,63.37614238,64.32756133,17.04674228,15.72019434,14.1588584,0.276985035,0.368234612,0.429497665,12.1484375,26.13854242,5.417136859,1
7174,3299.903226,1607.659807,639.9260955,4851,3299.903226,996.4521048,-2083.733751,4535,3267.129032,947.3605521,-882.109813,5152,3302.145161,1015.412912,-245.7257986,60.64458247,62.68322981,63.63285024,14.43860805,13.82183794,12.57778219,0.488454845,0.53408511,0.611542806,8.1875,16.86098141,4.316624621,1
7064,4053.064516,1605.707601,-755.4997836,5650,4053.064516,1228.202947,-2586.10258,6209,4263.016129,1231.981364,-485.5945911,5865,4258.887097,1175.200479,-782.6689981,61.27645503,63.43518519,64.67724868,14.72500217,13.99744043,12.70531118,0.402241793,0.487527392,0.575920182,8.625,17.93948364,4.729737919,1
4880,3768.258065,1182.697735,-2510.737672,5172,3768.258065,1168.309103,-2210.23395,5311,3812.548387,778.562606,-95.28931217,9501,3811.290323,2010.409214,1979.627668,58.77579365,58.77579365,58.77579365,13.37290739,13.37290739,13.37290739,0.660723459,0.660723459,0.660723459,5.72265625,12.92281942,4.753789204,1
7371,4151.322581,1703.17969,-558.7812973,5608,4151.322581,1243.549158,-2748.983453,5874,4300.854839,1060.717375,-775.3499551,7055,4298.435484,1415.592668,-446.5556158,61.36044974,63.62301587,64.7771164,15.06503878,14.34133957,12.97626772,0.535268948,0.613714181,0.69634967,8.5703125,17.85486561,4.600571733,1
6156,3250.693548,1641.536245,241.8636327,4867,3250.693548,1007.809499,-1903.274683,4718,3526.983871,813.2043248,-623.6202196,5796,3544,1605.49284,-614.2728436,58.88837686,61.46082949,62.83256528,11.0955831,10.26183713,8.90083759,0.088547974,0.231247228,0.599991189,11.15625,22.71587638,4.639799937,1
6203,3196.516129,1645.698437,149.3603922,4831,3196.516129,981.4813646,-1926.338894,4458,3350.064516,814.8655316,-550.1308123,5834,3344.548387,1432.056559,-499.6516194,58.30099941,60.92357437,62.46560847,11.3214973,10.4282793,9.001118165,0.109198905,0.252433178,0.598027975,9.859375,20.10854558,4.890949845,1
6963,3935.612903,1769.32404,-625.4658138,6780,3935.612903,1282.82945,-1897.135049,5776,4004.112903,846.7034387,-323.4727979,6412,4022.596774,1628.368216,-632.5491961,59.9191232,61.95540438,63.19123205,12.56506411,11.56415504,10.09241568,0.060439987,0.121758359,0.318880937,7.76171875,16.10463543,4.974760264,1
5742,3693.516129,1151.460878,-2013.559939,8063,3693.516129,1904.289976,599.3709065,7030,3884.112903,1351.327533,-214.4891106,5742,3888.096774,1014.393601,-675.9225762,60.70748299,62.13718821,63.2244898,16.9281706,15.66588507,14.04130411,0.449348659,0.545366386,0.598063512,10.34375,22.00299728,5.182970931,1
4348,3335.983871,967.0209073,-2411.440063,8607,3335.983871,1958.695974,1736.817552,5886,3583.935484,1195.238698,-419.6421197,5048,3568.580645,1036.332375,-908.8440059,61.11574074,63.11309524,64.08267196,14.63946669,14.0383465,12.81591959,0.498480403,0.541262187,0.623257771,8.58203125,17.7633065,4.390560925,1
4580,3610.354839,1001.10581,-2901.197447,9095,3610.354839,2105.059589,1805.64132,5826,3746.758065,1168.044474,-720.2504388,5379,3723.967742,1097.337172,-1154.524842,59.75132275,62.18216175,63.53363568,15.15685649,14.48984055,13.17959133,0.709583703,0.754856563,0.819711116,7.484375,15.62373817,4.648473255,1
4886,3295.048387,1039.267304,-1905.741234,4947,3295.048387,1182.776101,-1404.553792,4750,3166.258065,545.4603837,373.479686,8500,3176.645161,2053.675156,1802.915263,145.3345238,145.3345238,145.3345238,60.21679417,60.21679417,60.21679417,-1.459401018,-1.459401018,-1.459401018,12.50390625,26.96805151,4.166052882,2
6606,2895.145161,1658.904991,1280.121594,4671,2895.145161,903.5560187,-1555.789982,4719,2786.580645,1075.352824,79.63815309,4482,2769.112903,947.462368,-37.62884715,149.0372549,146.3147059,145.7078431,41.15833349,41.48299887,41.65816702,-0.196065219,-0.200783326,-0.208629545,5.63671875,12.41843225,4.08449732,2
4032,2414.322581,926.1469223,-703.2238156,3644,2414.322581,819.5835444,-1109.024154,6753,2447.306452,1692.71851,2224.93915,3589,2443.790323,664.5697647,-232.3020159,152.2857143,152.2857143,152.2857143,39.85005911,39.85005911,39.85005911,-0.433741772,-0.433741772,-0.433741772,5.7421875,20.38659413,8.636437435,2
4966,2488.983871,1225.920451,-54.20425348,3781,2488.983871,784.4522332,-1370.429852,5997,2682.596774,1451.656245,858.4214463,4332,2658.370968,895.5843332,231.4160952,154.0953947,150.8190789,148.0263158,48.45311874,48.70102295,48.80050655,-0.302230578,-0.292230193,-0.314031241,4.75,17.58994741,8.832794862,2
5455,2752.435484,1408.973209,326.4563199,4377,2752.435484,882.1333675,-1406.330615,5894,2650.83871,1254.187325,1339.230738,3750,2627.758065,759.8519314,-538.5600935,132.7377717,130.0434783,127.4972826,48.0694469,48.38139084,48.58380247,-0.300086704,-0.294128893,-0.285075534,5.75,20.70684518,8.574120994,2
5389,3153.5,1383.399655,-713.4680835,5072,3153.5,1099.582776,-1304.744168,4399,3185.66129,683.03372,5.967493574,6583,3185.83871,1669.113162,1008.886421,152.0340909,149.9469697,149.5280303,39.96243943,40.17431985,40.17500507,-0.542855292,-0.550756097,-0.559406306,7.34375,16.24902505,5.098361699,2
5249,3360.16129,1105.183902,-1709.50515,5214,3360.16129,1131.345548,-1528.486204,4192,3256.83871,629.2639631,-601.231371,8315,3254.83871,1993.517091,1930.559321,135.6066066,135.6066066,135.6066066,64.59859975,64.59859975,64.59859975,-1.08549955,-1.08549955,-1.08549955,10.05078125,20.1421946,3.650874642,2
3498,2289.854839,862.8479634,-864.1774417,6274,2289.854839,1851.187656,1392.808117,6647,2477.66129,1881.118087,1286.71777,4113,2463.532258,1019.53501,-386.4629313,115.2967914,117.3890374,116.197861,46.66011065,46.82367925,47.26787805,-0.468095009,-0.47215759,-0.475010225,5.84375,20.25460499,8.018631073,2
5569,3997.403226,1180.694813,-2731.190902,6861,3997.403226,1391.059685,-1433.764722,7522,3982.306452,1930.254727,549.7202781,5505,3975.806452,951.8781068,63.90315028,134.3248431,134.3248431,134.3248431,60.26259792,60.26259792,60.26259792,-0.905268634,-0.905268634,-0.905268634,12.86328125,25.90037696,4.149036994,2
5871,3408.080645,1199.997544,-1161.127457,5072,3408.080645,1105.923338,-1812.329284,8191,3319.935484,1642.05141,2458.702443,4925,3334.16129,693.1731663,491.8010278,134.7524927,134.7524927,134.7524927,57.46512165,57.46512165,57.46512165,-1.214600566,-1.214600566,-1.214600566,14.734375,28.21031702,3.389566559,2
5269,3330.080645,1146.764161,-1349.758561,5023,3330.080645,1059.800305,-1887.750065,6144,3112.467742,1524.302683,508.140564,4502,3131.403226,653.0512616,0.363715546,155.9261787,156.2723325,157.1004963,40.85821134,41.04829394,40.80682659,-0.510467264,-0.518574459,-0.535005543,8.8359375,19.58504709,4.110737019,2
8369,3921.83871,1828.835644,474.5493722,5647,3921.83871,1214.084923,-2295.639939,6616,3999.66129,1403.373538,-295.8622954,6094,4023.532258,932.8161441,-392.8095457,177.9420635,176.1555556,177.602381,35.42648066,35.66034113,35.43672869,-0.556661623,-0.559608566,-0.570144616,6.89453125,15.19830932,4.27460673,2
7375,4144.354839,1688.553447,-477.9518873,5570,4144.354839,1188.75241,-3080.858814,6665,4332.177419,1286.921063,-336.3252638,6163,4337.741935,1230.455291,-321.2981733,186.3101504,184.0808271,184.4592732,31.68913735,31.79751268,31.48907151,-0.190396163,-0.185191828,-0.18811696,8.609375,19.22773619,4.516456999,2
3238,2231.387097,734.3207165,-1243.039734,7599,2231.387097,2062.752994,2219.702424,3394,2152.483871,938.9067552,-545.1270864,5854,2146.241935,1472.733028,972.0526147,152.7564499,157.8317853,162.7110423,63.91984566,66.7518206,68.10720539,-0.567169498,-0.569842745,-0.577421317,6.5625,18.39878707,6.67977305,2
4294,2869.225806,948.3069535,-1528.438603,6790,2869.225806,1665.672163,1032.517003,4085,2820.548387,744.6750683,-541.6907596,5775,2839.967742,1355.419908,772.8304768,80.87848933,84.97263273,89.91187739,24.52773443,26.18082285,27.39145181,-0.494470324,-0.800383556,-0.885259473,10.16796875,21.39956576,4.849705524,2
5136,2978.532258,1106.71561,-1057.254829,4681,2978.532258,981.3453195,-1405.629384,4977,3063.096774,811.1230906,347.704272,8053,3062.709677,1967.578702,2120.670477,78.1468254,78.1468254,78.1468254,37.91800455,37.91800455,37.91800455,-1.132232987,-1.132232987,-1.132232987,10.54296875,25.77820548,5.552623604,2
4152,2791.774194,942.2889157,-1336.130263,4895,2791.774194,1007.951394,-788.9155376,7397,2666.758065,1674.520458,2115.424902,4661,2665.33871,780.4934532,328.3630984,68.30408898,68.30408898,68.30408898,35.67206028,35.67206028,35.67206028,-0.394737188,-0.394737188,-0.394737188,6.853515625,19.2054856,6.557319418,2
3535,2574.516129,723.6822004,-1973.091267,6949,2574.516129,1921.2327,1518.70116,5055,2904.83871,1249.805936,-122.7263127,4375,2907.822581,919.5275001,-630.191887,159.9998021,150.9468684,143.1187617,42.12306675,41.10058919,38.91586827,-0.811885848,-0.731705644,-0.642219042,6.56640625,16.24661708,6.344479839,2
4148,3237.483871,932.9085586,-2407.93044,6438,3237.483871,1649.319173,194.5350697,5220,3379,908.3796279,189.9970994,6071,3381.951613,1493.677119,218.7167161,120.4462905,120.0841544,117.3973487,35.32058319,34.51111563,32.7024757,-0.2135344,-0.249391288,-0.281139128,10.77929688,22.24649779,4.129301415,2
3387,2319.177419,744.5198393,-1271.310458,6839,2319.177419,1392.584248,1505.613843,3934,2465.580645,776.8735221,-41.06007197,4587,2471.774194,1069.636318,93.58862857,160.8027859,160.8027859,160.8027859,40.79589377,40.79589377,40.79589377,-0.77604878,-0.77604878,-0.77604878,7.671875,16.44198159,4.45646609,2
5332,1984.193548,1490.314503,868.2356818,4834,1984.193548,1033.971966,454.3029348,4789,2219.774194,1299.484506,117.7987054,4271,2216.370968,1256.392779,-495.6016351,92.87661575,92.74853114,92.33842538,28.99641464,28.32475313,28.18806519,0.538947502,0.614364877,0.646867739,6.6484375,22.89483083,8.094670183,0
4698,2315.83871,1309.277481,-121.1507526,4634,2315.83871,1357.176352,-9.414171205,4774,2745.258065,1175.23034,-748.2613484,4974,2739.903226,1452.97239,-653.9797249,89.57621083,89.57621083,89.57621083,25.20509668,25.20509668,25.20509668,0.217366052,0.217366052,0.217366052,8.16796875,18.43382865,5.602034655,0
5012,1847.580645,1584.580331,817.2603763,4793,1847.580645,1191.642842,135.8855957,4288,2204.5,1331.682343,-424.3567381,5867,2200.935484,1737.575302,675.9515694,172.6565657,167.4444444,158.7113997,40.58067451,37.24396212,32.0811624,-0.770243303,-0.783304727,-0.817632957,5.4140625,16.93001557,7.3925883,0
4686,2153.016129,1436.861763,291.4635107,5210,2153.016129,1447.68326,712.9794785,4925,2529.645161,1499.107348,-195.6022852,4929,2532.016129,1474.491268,-261.1579852,148.6873449,148.6873449,148.6873449,32.1459376,32.1459376,32.1459376,-0.250795737,-0.250795737,-0.250795737,6.296875,19.56414106,7.164215141,0
4239,1914.580645,1308.198325,454.7260085,4459,1914.580645,1240.352558,400.6729163,4554,2250.435484,1389.49965,193.9737454,4409,2252.258065,1355.770498,153.1438926,144.3329032,144.3329032,144.3329032,30.66358797,30.66358797,30.66358797,0.16187374,0.16187374,0.16187374,6.0546875,18.75221178,7.072376212,0
4968,2713.758065,1137.767887,-426.1728302,6259,2713.758065,1428.164903,736.8982165,4939,2995.241935,1292.913548,-671.0358,4621,2990.032258,876.274058,-251.6503259,119.6959459,119.6959459,119.6959459,34.45791442,34.45791442,34.45791442,0.055162749,0.055162749,0.055162749,10.37109375,23.24938061,5.989359018,0
4708,3467.354839,1072.269768,-2133.42048,6664,3467.354839,1716.896404,-324.0837241,6370,3673.483871,1449.656085,-97.82000203,5755,3665.403226,1148.423976,-574.7309969,120.8633388,118.8273322,116.705401,30.8579473,28.95423002,26.57167598,-0.471914924,-0.507758738,-0.536521383,6.81640625,14.65054451,4.703140728,0
4443,3323.258065,955.0328982,-2423.842083,7814,3323.258065,1612.371895,651.7577629,5093,3439.66129,818.9077687,-171.0179865,4864,3457.548387,931.8075683,-770.9610278,137.9710551,137.1671335,134.0140056,25.31539802,23.20120822,20.71625455,-0.464283473,-0.429952302,-0.414817762,11.67578125,24.49867998,4.56744683,0
12441,3099.5,3008.986512,5292.148839,4774,3099.5,925.7956953,-1913.783065,4606,3066.612903,913.6443042,-599.3086513,4639,3051.677419,855.1349973,-481.3620789,208.1904762,208.8123249,205.3295985,22.38449224,21.11498194,19.87784008,-2.864906121,-2.790632042,-2.719460195,7.0625,19.17019997,6.288587271,0
5888,4308.903226,1318.169915,-2711.382583,6210,4308.903226,1337.738628,-2472.604479,7138,4120.951613,1329.018816,471.2494832,6343,4117.564516,966.2533833,261.1404454,107.1335349,107.1335349,107.1335349,49.28794368,49.28794368,49.28794368,-1.381069871,-1.381069871,-1.381069871,14.9765625,29.31523673,2.473058708,0
6372,4221.177419,1375.237733,-2065.40245,5721,4221.177419,1272.872805,-2805.623905,5864,4117.983871,1017.709612,-536.8677094,6063,4115.516129,991.0901743,-226.8999776,109.3532376,109.3532376,109.3532376,51.06662947,51.06662947,51.06662947,-1.290437363,-1.290437363,-1.290437363,14.6640625,27.8617472,2.39124061,0
4941,3549.532258,1035.801945,-2502.12871,6101,3549.532258,1221.21655,-1394.525051,5347,3598.16129,1116.174475,-488.2167135,5797,3622.306452,1052.324563,170.4299807,83.83905309,83.83905309,83.83905309,44.38172266,44.38172266,44.38172266,-0.908186497,-0.908186497,-0.908186497,4.426757813,16.6836109,8.099930816,0
4854,3644.5,1103.384993,-2353.228033,5468,3644.5,1184.870236,-1957.303668,4829,3558.725806,890.6076789,-785.8435987,5341,3548.193548,1013.434926,-106.8863522,123.3278075,123.5379679,123.1497326,21.79061828,20.55693547,19.11832107,-0.2832943,-0.261235564,-0.247488741,9.78515625,21.02766825,4.867386477,0
3955,2764.806452,836.4250702,-1763.540128,5353,2764.806452,1261.168517,-198.5590122,4170,2957.903226,746.9820724,-362.3581208,5868,2963.709677,1427.847121,995.2180606,121.4387755,121.4387755,121.4387755,40.35719575,40.35719575,40.35719575,-1.888632176,-1.888632176,-1.888632176,13,26.06797005,4.271860134,0
4434,3497.032258,978.8568706,-2736.390489,8531,3497.032258,1964.673214,1119.543261,5097,3548.564516,872.6695717,-54.46840509,6121,3544.645161,1149.147357,257.8714345,106.0958371,106.0958371,106.0958371,44.35512213,44.35512213,44.35512213,-1.256446101,-1.256446101,-1.256446101,13.84765625,23.14446082,2.414570725,0
4314,3464.854839,956.6399169,-2809.331765,9151,3464.854839,2111.392644,1246.726069,5899,3844.064516,1102.282396,-107.2029769,6073,3841.758065,1322.174622,-248.476422,149.7799423,147.7864358,143.2489177,31.12637605,28.50225663,24.79085858,-0.481180883,-0.512671623,-0.565027446,7.78125,16.40963112,4.518718017,0
5320,3830.467742,1195.773777,-2175.692867,5918,3830.467742,1252.583584,-2032.821446,5085,3911.919355,870.4561522,-911.6018138,5966,3913.16129,1176.323814,-168.8368891,89.78371796,89.78371796,89.78371796,57.71067464,57.71067464,57.71067464,-0.584940575,-0.584940575,-0.584940575,4.904296875,18.97598708,7.459015065,0
5348,3704.112903,1140.23986,-2231.432734,6323,3704.112903,1180.457376,-1803.968336,6345,3773.467742,1240.826919,377.4968461,5920,3775.467742,1120.257973,135.3607982,123.4116987,123.3925748,123.5869658,31.91015293,30.10675859,27.62573582,-0.314657141,-0.266043104,-0.231085292,11.05078125,23.74000909,4.161834775,0
5713,4008.612903,1240.234491,-2381.005831,5785,4008.612903,1210.878225,-2568.004453,5220,3813.306452,813.1565058,-146.9412714,5649,3816.677419,920.0231549,56.1325064,102.4162257,102.4162257,102.4162257,51.64476505,51.64476505,51.64476505,-0.894905497,-0.894905497,-0.894905497,15.07421875,28.69452511,2.814657237,0
3861,2971.225806,862.5234624,-2136.730999,7469,2971.225806,2263.662045,1604.974251,5801,3365.66129,1510.404154,-358.1694937,4848,3352.290323,913.7978245,-455.310339,150.104127,147.888254,144.4006349,30.09731226,27.83470864,25.02245594,-0.50296834,-0.56489245,-0.695594575,8.92578125,19.24596657,5.087578956,0
4263,3360.403226,948.2683107,-2589.647741,9707,3360.403226,2137.101553,2169.283882,5875,3629.629032,1388.264793,-489.9658239,5173,3640.629032,1115.526872,-799.8557996,158.8643579,163.8333333,172.8672439,36.95342901,32.19047859,25.81420983,0.306264091,0.314858391,0.336449534,8.08203125,18.31843322,5.978168806,1
4807,3503.290323,993.021284,-2622.369649,8072,3503.290323,2085.013061,1497.681291,5933,3466.306452,1225.128441,415.6104286,5366,3489.822581,1165.78118,-285.3512972,156.4030366,160.9565217,170.673568,36.26106006,31.81084385,25.82716613,0.445938033,0.440477585,0.414210713,8.14453125,17.61646353,5.431307296,1
5128,3669.129032,1060.105617,-2622.43283,7721,3669.129032,1855.389408,941.7377545,6195,3681.822581,1294.29148,53.6714991,5189,3675.516129,911.711838,-682.1429241,156.0220842,160.6687371,170.4830918,36.25878246,31.79244926,25.80400507,0.468756474,0.467380479,0.438941213,8.2265625,17.77897137,5.322981637,1
5477,3977.193548,1136.09725,-2930.926486,8978,3977.193548,1998.869889,1270.086393,6369,4095.387097,1181.583115,-377.7198416,6378,4124.032258,1435.075596,-217.0222788,166.0573871,169.465812,177.008547,36.64328763,32.39258181,26.21196448,0.190958399,0.187096113,0.133780904,9.1484375,19.35674256,4.888936013,1
4954,3840,1107.475872,-2822.94913,8885,3840,1887.998932,1412.171357,5600,3861.112903,1180.989595,-820.9395805,5913,3861.322581,1158.773653,-73.74150832,163.4273016,167.1949206,175.2907937,36.51770109,32.27732173,26.08743317,0.261826737,0.256485203,0.204438593,8.8125,18.81194763,5.00371064,1
8430,3878.806452,1853.57213,751.6409232,5779,3878.806452,1210.38642,-2180.0668,6128,4091.112903,1247.729164,-363.7756712,6123,4119.290323,998.2424941,-133.0815363,157.6811594,162.0731539,171.3781919,36.38831572,32.18337561,26.22489599,0.457942669,0.445749724,0.400435083,8.14453125,17.75494931,5.361185856,1
8603,3604.580645,1827.416858,1100.079462,4681,3604.580645,1010.937772,-2803.42345,5283,3652.032258,907.8494967,-311.4148698,6273,3666.774194,1305.886776,6.831957397,157.7532468,162.6948052,171.8874459,37.02015373,32.28999084,25.90818567,0.336182717,0.343411951,0.360463796,7.9140625,17.33345354,5.5206256,1
8551,3830.645161,1937.633226,972.0240172,5919,3830.645161,1191.246556,-2151.703581,6205,3823.66129,1255.035328,122.6536307,5827,3808.5,1007.641637,-185.6868329,158.4561767,162.6928916,171.7805383,36.37568967,32.0930791,26.16785298,0.430002877,0.416679171,0.372931499,8.12890625,17.59867137,5.227860834,1
7872,4251.516129,1817.817344,-114.773129,5995,4251.516129,1234.410761,-2996.605528,5479,4332.145161,797.5011952,-162.4385051,7046,4342,1376.803779,-322.0467543,153.6291486,158.5728716,168.7604618,36.10585869,31.62764901,25.75851438,0.520102985,0.52374612,0.494270588,7.94921875,17.21395234,5.394057937,1
7738,4246.290323,1758.418171,-271.2440058,6092,4246.290323,1332.993338,-2485.28182,7134,4296.354839,1538.31286,381.5254204,6525,4273.322581,1238.100545,-473.2119198,161.2574189,165.3540373,173.73706,36.10814007,32.04960117,26.06787366,0.339681225,0.330746736,0.267792922,8.08984375,16.9841427,5.03320332,1
4823,3434.225806,1073.770421,-2000.084245,7597,3434.225806,1702.640979,749.0815036,6126,3668.564516,1477.760944,-305.3330971,5430,3664.612903,865.7652285,-221.4528177,152.7533578,157.5372405,167.1343101,32.59928346,29.0011076,24.17344798,0.462253508,0.4548308,0.454565275,9.51171875,21.09308048,5.7594346,1
4911,3496.677419,1076.745272,-2135.245283,6800,3496.677419,1648.074505,114.8345897,5867,3609.048387,1358.921352,111.2047345,5055,3606.274194,870.3963719,-621.7017301,154.3888889,158.5824176,167.8937729,32.36301343,28.83662428,24.15764662,0.318278801,0.331541373,0.322975591,9.39453125,20.71916364,5.306589296,1
5169,3744.209677,1108.351131,-2578.061208,6614,3744.209677,1510.752954,-481.0593999,6288,3787.322581,1272.519393,-31.4385106,6220,3774.774194,1182.711748,-268.4274103,152.0519022,152.0519022,152.0519022,68.52540215,68.52540215,68.52540215,-1.502064139,-1.502064139,-1.502064139,16.05859375,29.31955209,2.401680769,1
5389,3675.048387,1138.362696,-2192.83904,7018,3675.048387,1725.625136,65.91019421,6893,3884.129032,1407.460255,501.5318523,5512,3888.612903,882.5640679,-185.476222,156.0177045,159.8388278,168.9072039,33.39220521,29.68766441,24.85206407,0.26689087,0.275391097,0.266991553,9.38671875,20.45292746,5.259817379,1
4639,3540.451613,1019.763725,-2605.917002,7938,3540.451613,2047.188888,1097.551923,5628,3669.677419,1028.685346,-423.8161693,6721,3688.822581,1320.826617,218.4979729,163.2522676,169.0459184,178.7981859,27.9863785,22.48107393,17.58919856,0.425768085,0.595297493,0.612387208,10.23828125,22.90970898,5.828573604,1
6292,2917.370968,1563.648074,538.2113056,4591,2917.370968,991.8537912,-1335.483023,4668,3127.290323,918.2221846,-620.3699913,5006,3129.903226,1114.217137,-581.803096,154.2892416,158.8421517,168.0511464,30.42574343,26.81201699,21.88266436,0.447162026,0.433657277,0.428695931,6.515625,13.23569847,4.492580705,1
6456,3207.5,1571.946726,546.9573868,5004,3207.5,983.2929821,-1813.132217,5734,3381.677419,1124.423017,469.2501142,5188,3380.709677,901.9302488,-236.0558885,162.0035273,168.0605526,178.0781893,27.85306178,22.32732767,17.56580976,0.467973277,0.631552929,0.649306514,9.91015625,22.09607141,5.606776353,1
7828,4129.435484,1865.991837,-48.19067783,6306,4129.435484,1356.86581,-1968.145371,7075,4234.516129,1436.790304,701.0044296,6745,4217.290323,1363.1196,-4.592613756,146.7203326,146.7203326,146.7203326,66.4349252,66.4349252,66.4349252,-1.474714908,-1.474714908,-1.474714908,15.93359375,27.91061309,2.264623596,1
4523,3429.064516,1005.319382,-2387.973422,6631,3429.064516,1769.926041,-51.83998425,6750,3710.5,1875.328932,-392.073167,5328,3714.870968,788.6810853,-422.2173423,184.9220355,182.8977591,184.3996265,31.73232159,28.91276529,23.94162992,-0.188379477,-0.167086031,-0.085741625,12.25390625,26.62090488,4.728042049,1
5064,3639.33871,1034.463083,-2656.739271,7100,3639.33871,1731.076375,108.4999456,7755,3868.016129,1856.73155,861.9946452,4846,3865.274194,715.2745507,-766.112923,182.7034014,181.4956916,184.1319728,27.90939361,26.17150143,21.97612182,-0.228111309,-0.203949812,-0.122405155,12.4765625,27.29114799,4.655983172,1
7427,2609,1937.194355,2282.404301,4516,2609,925.9694484,-910.1689708,4265,2764.145161,983.2674274,-266.177384,4232,2731.548387,919.9471176,-379.4119179,0,0,0,0,0,0,0,0,0,0,0,0,2
7461,2516.516129,1870.497456,1854.482088,4258,2516.516129,869.9720192,-1003.145738,4518,2682.419355,958.1617405,-774.9114197,5705,2690.758065,1285.656123,43.30644094,130.0330579,126.8983471,123.8016529,41.29351377,38.37176235,34.89555131,0.16195047,0.150291194,0.126719347,7.03515625,15.32125983,5.188581641,2
6322,2778.403226,1669.773574,956.9866329,3535,2778.403226,794.9920158,-2090.016334,5490,2972.435484,1029.032032,264.0291755,6613,2970.774194,1455.546515,968.1335718,119.1680912,117.4957265,115.0982906,33.62725469,31.1162119,27.50690713,0.462189318,0.400794415,0.315922004,5.484375,18.33029612,7.771599929,2
5848,2660.725806,1411.680995,593.0683313,4067,2660.725806,865.1297342,-1324.771546,4325,2785.290323,601.2934281,203.4165932,4793,2769.532258,1238.748832,-44.99820925,123.4210526,121.676236,119.1307815,38.54533655,35.71942935,31.88439234,0.364420806,0.342223132,0.309299834,4.8984375,16.06546171,7.712745655,2
6065,3257.048387,1490.505591,-62.33067077,5256,3257.048387,1047.704425,-1646.655708,5135,3474.370968,793.3722479,-303.4812579,6547,3451.612903,1174.269689,278.1497852,133.2397541,130.9293033,127.1209016,36.48124234,34.12321157,30.40336299,0.099493825,0.078591929,0.075066203,7.625,24.54937626,7.708707957,2
6690,2970.5,1624.337391,1109.767276,4420,2970.5,951.1228127,-1624.553551,5261,3244.16129,1204.23661,-288.0982347,4693,3262.596774,821.7492251,-586.6069457,131.9635628,129.2550607,125.742915,37.62817082,35.4840405,31.81669889,0.227801455,0.213591755,0.213237823,7.71875,24.69894909,7.596730754,2
5870,2810.741935,1461.993005,792.4925954,4237,2810.741935,942.4121408,-1339.313429,4693,2903.629032,1052.188583,-47.16760022,5511,2880.193548,1149.833169,342.0979974,123.6628352,121.6072797,118.6877395,38.99073126,36.21510058,32.28204552,0.243750487,0.202378103,0.131890054,4.078125,13.97604501,8.014028384,2
7346,2850.467742,1748.623124,1410.494733,4611,2850.467742,954.3034568,-1179.68648,5097,3129.645161,1234.406532,-477.1253489,4440,3131.806452,1032.445856,-637.8849599,127.5413534,124.5488722,120.6447368,42.42432649,39.1495525,34.95614479,-0.074331674,-0.101959952,-0.140490428,4.15625,13.39859922,7.573432156,2
6636,2866.225806,1534.561032,939.7339701,4274,2866.225806,873.036422,-1745.175799,5456,2751.903226,1118.257526,635.9447245,4114,2721.177419,717.0797302,129.0731181,0,0,0,0,0,0,0,0,0,0,0,0,2
5375,3456.903226,1098.270425,-1744.138996,8017,3456.903226,1913.77765,1256.015671,5177,3748.129032,1049.237257,-605.85208,5018,3731.209677,1073.74823,-790.9704932,133.7176274,131.1854637,127.2447786,38.25524964,35.93332295,32.13790356,0.003094499,-0.016648956,-0.022535288,7.0625,15.38861722,5.685812173,2
3875,2886.774194,877.376412,-1878.098271,7982,2886.774194,1896.810995,1820.565783,4852,3143.193548,959.1712962,-293.206171,5454,3145.419355,1345.282025,-328.4823738,130.1808732,127.7817048,124.2536383,38.33416003,35.62638418,31.8550856,0.101954345,0.113631281,0.128653157,3.7578125,12.30424602,7.762095629,2
3403,2362.016129,728.9111962,-1410.527573,7319,2362.016129,2071.536608,2345.242417,4992,2675.725806,1154.270027,-176.9809789,4502,2678.83871,1163.708175,-245.8504392,0,0,0,0,0,0,0,0,0,0,0,0,2
3857,2507.16129,868.6364025,-1107.343833,6961,2507.16129,1886.203801,1646.723514,5291,2846.467742,1291.368138,-259.6540876,5366,2849.854839,1335.415495,429.8058644,142.2422145,134.9083045,129.6435986,45.96365515,42.07313907,38.03541833,-0.082105044,-0.130382809,-0.192716222,4.515625,15.09293314,7.561546122,2
3800,2870.919355,810.407291,-2191.277759,7740,2870.919355,2110.874328,2277.623974,4920,3001.048387,1020.067826,-674.6492515,4552,3026.403226,1125.153631,-857.9965365,128.3479349,122.3917397,119.2765957,40.72634143,37.5210977,33.62176184,0.3996763,0.386809278,0.373695831,6.2421875,21.1618562,7.892162641,2
3817,2842.112903,828.8170759,-2003.118464,8837,2842.112903,2314.545717,3177.076867,4966,3025.064516,1097.674799,-349.4655339,4562,3000.419355,1040.076743,-453.6130568,153.9546485,145.638322,141.5328798,38.01300926,34.57184876,31.78120258,-0.271482407,-0.309531763,-0.35753308,6.890625,22.9751001,7.303362836,2
6734,3489.209677,1541.599223,381.2021984,7754,3489.209677,1819.539459,1094.250382,7564,4025.951613,1444.855294,-138.9222219,5990,4015.032258,1417.033509,-1256.737493,181.5806349,165.0213095,144.4574603,37.03650124,30.66533948,22.57953835,-0.407451533,-0.717625049,-1.073407868,7.87109375,17.56753149,4.997328475,2
3972,2758.596774,800.7747349,-1903.055799,7665,2758.596774,1924.486244,1907.39639,4574,2691.064516,998.9666253,-14.77614151,4476,2715.806452,1008.722809,-152.8606389,127.7884806,122.2919563,119.7974181,39.33150361,36.28815719,32.71201829,0.479218893,0.432392891,0.366404592,5.73828125,12.75606613,4.909257359,2
4069,2306.290323,795.467227,-902.722497,7417,2306.290323,1979.76809,2152.468257,5191,2603.483871,954.2643974,742.7709145,4722,2603.532258,1275.370898,-25.78423324,0,0,0,0,0,0,0,0,0,0,0,0,2
3656,2694.322581,808.6737405,-1781.460384,6530,2694.322581,1824.252209,1157.791871,4868,2926.435484,871.4224304,-589.5467456,5841,2939.225806,1465.040883,271.3830764,154.5868726,146.2239382,141.5559846,40.39256188,36.14022516,32.62184988,-0.0914169,-0.151380622,-0.251556915,4.046875,13.45905793,7.463293411,2
4133,2944.516129,934.7284881,-1646.611027,4109,2944.516129,971.7612501,-1566.214694,5501,2847.225806,1324.544163,460.113109,4872,2847.016129,745.6294049,526.8650099,100.9365079,100.9365079,100.9365079,48.23680773,48.23680773,48.23680773,-1.164915593,-1.164915593,-1.164915593,16.9296875,34.24941051,3.315829834,2
5282,3577.83871,1188.505163,-1866.593828,4612,3577.83871,1062.356908,-2454.511928,6288,3660.354839,1189.46616,91.51943756,6318,3666.935484,1185.159073,139.1610553,124.8007937,124.8007937,124.8007937,45.37434244,45.37434244,45.37434244,-2.32234049,-2.32234049,-2.32234049,12.6328125,29.81890134,3.647178217,0
6103,3449.725806,1437.125841,-555.9080884,5498,3449.725806,1194.189875,-1356.816636,5728,3557,1320.420546,109.9143693,6383,3573.629032,1358.904721,401.1817681,138.6269841,138.6269841,138.6269841,7.827235851,7.827235851,7.827235851,-0.02674531,-0.02674531,-0.02674531,2.953125,9.457850059,8.048428831,0
5754,3482.532258,1245.353386,-1240.627549,5054,3482.532258,1069.342679,-2091.61481,5046,3473.241935,1017.86384,-250.2859008,6986,3490.064516,1379.252823,985.2104241,106.9436667,106.9436667,106.9436667,34.4047549,34.4047549,34.4047549,-2.502920909,-2.502920909,-2.502920909,14.5390625,30.98349309,3.558053886,0
6032,3732.983871,1228.308928,-1834.454891,5072,3732.983871,1121.085397,-2476.258939,5914,3706.548387,1093.633802,-456.0144375,5280,3693.048387,865.6701195,-109.4518917,136.8155416,136.8155416,136.8155416,14.11117698,14.11117698,14.11117698,-7.792517212,-7.792517212,-7.792517212,7.09375,14.17649731,4.18501881,0
5506,4038.080645,1231.385573,-2592.080847,5924,4038.080645,1217.31968,-2548.601177,5965,4098.193548,1113.737153,-412.8964023,6206,4103.096774,1104.213495,181.0028039,135.8040816,135.8040816,135.8040816,39.33215935,39.33215935,39.33215935,-3.106312494,-3.106312494,-3.106312494,13.25390625,30.78105419,3.484503854,0
7636,4007.983871,1466.44661,-856.8829521,5537,4007.983871,1208.068019,-2563.715752,5718,4045.854839,822.6531595,-16.61034877,6647,4077.596774,1124.850477,-330.559712,151.1477411,154.1654457,151.1190476,3.944846149,3.751122276,4.015369261,-0.052599582,0.068519147,0.158537987,9.6171875,19.47810307,4.626560514,0
4177,2343.354839,824.1180642,-720.0219269,3594,2343.354839,753.779875,-1227.313297,3964,2311.854839,671.9493512,211.9624628,3481,2304.774194,643.1177943,54.09666447,143.2660819,144.3061821,138.7999165,6.307542323,6.017190929,5.767319272,1.505611126,1.390823462,1.066375673,13.37109375,27.24456467,4.261989374,0
5490,3843.951613,1218.322001,-2256.092158,5211,3843.951613,1171.111705,-2450.203879,5362,3807.483871,793.292887,-25.4054145,6286,3820.290323,1238.421334,165.8326675,123.0675276,123.0675276,123.0675276,48.43806262,48.43806262,48.43806262,-2.109414866,-2.109414866,-2.109414866,15.9453125,34.96024357,2.83070195,0
4813,3206,1135.718729,-1377.746372,4596,3206,995.4244353,-1942.888851,5540,3345.435484,1154.780563,112.9672113,5865,3334.290323,1034.69792,884.2974787,126.4392976,126.4392976,126.4392976,37.46449347,37.46449347,37.46449347,-3.743621546,-3.743621546,-3.743621546,6.35546875,16.61189086,5.870646457,0
4854,2991,1045.948543,-1074.128825,4898,2991,1014.906479,-1271.135822,4950,2964.177419,905.7346247,71.04109401,4905,2974.83871,832.5491789,163.2369077,125.9320251,125.9320251,125.9320251,24.57383473,24.57383473,24.57383473,-1.079781345,-1.079781345,-1.079781345,5.998046875,17.21288198,6.038384685,0
5232,2791.935484,1185.90526,-404.6463498,4528,2791.935484,988.7406599,-1128.416216,4882,3098.5,1106.686536,12.41822102,6354,3097.951613,1235.475074,921.2496101,85.6675,85.6675,85.6675,25.2737402,25.2737402,25.2737402,0.654283169,0.654283169,0.654283169,3.125,10.9879195,8.376591778,0
5083,2932.645161,1158.285247,-614.5755476,5206,2932.645161,1215.225136,-360.1481924,6083,3128.725806,1383.829296,334.5551702,5085,3118.290323,1220.525632,-124.0091234,108.9478261,108.9478261,108.9478261,16.17835921,16.17835921,16.17835921,1.189961565,1.189961565,1.189961565,5.390625,17.3870167,7.720964154,0
5507,3657.419355,1187.614708,-1890.531994,6202,3657.419355,1241.639558,-1598.115033,5722,3414.467742,850.000469,780.6980889,6945,3419.032258,1224.315174,1166.555019,97.82747934,97.82747934,97.82747934,38.1180093,38.1180093,38.1180093,-0.801790372,-0.801790372,-0.801790372,11.65625,28.66032303,5.880176679,0
5860,2862.951613,1401.466345,178.0588997,4342,2862.951613,939.2695588,-1407.394641,4787,2929.048387,998.8327773,17.39437799,4755,2948.596774,1008.840511,-332.7819523,92.27464009,95.38612034,99.2942045,13.50476267,12.40637314,11.09202619,2.000643804,1.946541429,1.838005891,14.15625,29.26926127,4.595553256,0
12280,3174.5,2979.418063,5675.945735,4967,3174.5,993.2242178,-1725.862491,5128,3254.806452,1250.29733,-294.5324422,4892,3249.33871,1125.063066,-601.7249934,196.3513228,178.7396825,138.9746032,26.87654237,20.17426623,9.356286429,-2.149007247,-1.984802961,-0.890900398,6.20703125,16.80116952,5.261423272,0
13113,3326.903226,3198.703264,5762.908534,5491,3326.903226,1078.46967,-1537.252391,4961,3305.983871,1259.275809,-1155.67953,4751,3308.016129,924.9965735,-659.6940018,214.622449,196.292517,150.3526077,22.28559411,17.12315437,8.170888746,-2.313129489,-2.205934581,-0.617168616,5.8359375,15.18030323,5.245246588,0
13356,2794.66129,3380.177128,6842.926566,3837,2794.66129,787.341688,-2123.663974,4824,3090.935484,1066.087948,-517.938365,4297,3103.451613,924.6134969,-748.8407121,193.4304388,193.0364146,188.1409897,22.21217118,21.66547249,20.38856233,-2.422358359,-2.39387133,-2.337778757,7.015625,20.13322023,5.951949066,0
11728,3222.419355,2865.743936,5158.727393,4743,3222.419355,997.5253178,-1844.203791,5152,3413.483871,1149.529465,-355.3069129,5984,3395.016129,1298.417914,-81.3238767,194.6069094,191.7217554,186.2773109,24.64567789,23.93862919,22.19577265,-1.85258917,-1.879530845,-1.898343172,7.1171875,20.48416214,6.761003429,0
12260,3079.919355,3073.267229,5925.646224,4172,3079.919355,892.1217243,-2175.911181,4236,3018.112903,1160.252143,-1157.148948,4632,3040.467742,1188.235731,-722.3679771,192.9365079,190.5555556,185.9702381,22.59134756,21.85574297,20.36100545,-1.864172083,-1.888530742,-1.913491928,6.65234375,18.73726702,5.651577146,0
9142,3124.83871,2494.831426,3205.279553,4112,3124.83871,923.7188197,-2152.980117,4650,3094.16129,1148.912027,-226.8006217,4836,3061.596774,1166.69227,-217.4017236,135.4449405,133.78125,133.1592262,12.43267361,11.73395839,10.26827369,-0.196569222,-0.145414992,-0.079619683,5.25,15.48840292,5.71535612,0
4719,3680.048387,1042.729412,-2789.807709,7893,3680.048387,1942.405247,431.5962023,7609,3911.209677,1720.627456,894.7960349,5744,3890.258065,1148.850125,-844.6773746,176.968735,177.7436267,182.950938,33.27110329,29.5199882,24.01703936,-0.108437838,-0.117487577,-0.12858588,11.9140625,27.03384883,5.336444851,1
4174,3182.290323,976.8217288,-2091.979167,5780,3182.290323,1423.60634,-346.2225897,6497,3049.693548,1584.277485,594.1108623,4254,3038.209677,595.991425,-231.9980223,162.4739229,162.4739229,162.4739229,61.49945984,61.49945984,61.49945984,-1.882511503,-1.882511503,-1.882511503,12.72265625,26.59842017,3.957284008,1
4510,3077.725806,1025.911871,-1405.741819,8133,3077.725806,1954.635798,1461.870452,5799,3396.774194,974.9399058,158.8672138,6808,3414.241935,1459.083956,360.725557,187.3606151,188.0481151,192.9895833,28.90123124,25.3359602,20.41441656,-0.366954378,-0.360148272,-0.374838915,10.6171875,20.65776851,4.442314972,1
4710,3588.516129,1020.864099,-2736.856788,6874,3588.516129,1712.448179,159.4519121,5489,3768.241935,1221.439984,-480.3407676,5476,3777.532258,910.9348215,-263.2032836,166.4116037,169.9463602,179.8784893,30.27406717,27.41140621,23.21887273,0.084976368,0.063737153,0.007673208,10.35546875,21.47947611,4.702007022,1
5167,3834.177419,1089.87409,-2875.321573,8687,3834.177419,1842.882407,719.3186142,7595,4108.177419,1617.4888,-66.33746509,5759,4122.435484,812.6408488,-132.8601028,175.872449,178.0680272,185.1150794,28.46516251,25.0110388,20.12809939,0.108528999,0.126948342,0.150201505,10.08984375,22.4516254,4.9750739,1
5265,3680.580645,1114.099065,-2267.706533,9654,3680.580645,2199.037807,2079.482469,5888,3576.967742,941.6285647,145.9728989,5775,3617.580645,1303.03552,-441.299985,173.5221675,175.727422,182.9293924,30.69553018,27.0828591,21.9997001,0.204308974,0.224290106,0.263657742,10.5390625,24.16604876,5.353758378,1
4619,3454.032258,1003.096689,-2408.709673,9816,3454.032258,2275.404827,2473.617337,6343,3523.145161,1284.896705,42.84581342,5502,3509.419355,1057.146075,-317.2264044,167.5320911,170.7101449,179.0269151,29.70481366,26.12015371,20.81987475,0.488579379,0.487524626,0.444518437,8.34765625,19.07394041,5.607864321,1
4851,3602.725806,1033.406505,-2608.892566,8232,3602.725806,2045.95282,1634.351612,5237,3394.225806,965.1198892,-257.9828513,5396,3457.612903,986.9970807,-585.2228143,175.1298186,177.3854875,184.4518141,29.45142116,25.77899561,20.76224476,0.094138777,0.120530174,0.147729299,10.26171875,23.78704833,5.333915223,1
4636,3701.774194,1029.197564,-2941.252625,8708,3701.774194,2005.465133,1291.581217,5844,3625.822581,1396.376134,-110.7691809,5600,3600.370968,1017.237518,-105.3566265,176.7493158,178.7383689,185.5429666,28.96162445,25.36996035,20.41146765,0.054972785,0.071463759,0.115723955,10.48828125,23.44791075,5.13935723,1
5530,3365.887097,1337.203535,-1072.75548,4995,3365.887097,1096.242602,-1764.619882,8853,3385.354839,1914.23063,2281.974785,4847,3403.612903,799.3664095,-604.5082056,184.6041083,184.6041083,184.6041083,20.31300683,20.31300683,20.31300683,0.045576124,0.045576124,0.045576124,6.1953125,14.42646637,4.402657298,1
5983,4038.935484,1327.117321,-1997.73627,5773,4038.935484,1235.490681,-2474.615131,6453,3957.596774,1314.479383,-205.6966101,5515,3956.016129,814.7351735,-162.2310775,183.7789536,185.3198119,190.9112287,30.87591451,27.24246113,22.419673,0.082877041,0.124363446,0.187466612,9.78515625,22.28418065,4.92473367,1
5207,4098.483871,1180.119632,-3019.907309,6516,4098.483871,1405.526072,-1791.021354,7085,4250.209677,1326.601797,250.0378056,6550,4250.483871,1405.324561,-68.14280484,183.4957672,182.2243386,185.2275132,31.92121971,28.72648687,23.63915424,-0.162118729,-0.178937439,-0.232602704,10.78125,23.89963383,4.930861837,1
5259,3719.403226,1274.18797,-1937.758861,7497,3719.403226,1567.989626,-153.777897,7151,3871.612903,2065.858334,337.2556114,5364,3891.16129,776.0067798,-476.4304867,174.2733516,174.2733516,174.2733516,57.71867087,57.71867087,57.71867087,-2.278298562,-2.278298562,-2.278298562,10.33984375,20.2088494,3.715350443,1
5629,3830.612903,1210.626942,-2271.092086,7808,3830.612903,1468.376999,-650.7672341,6683,3892.709677,1184.786879,457.9196127,5806,3880.032258,1001.024265,-39.57012023,127.0499282,127.0499282,127.0499282,76.16586594,76.16586594,76.16586594,-0.855652027,-0.855652027,-0.855652027,7.1875,18.64678763,6.49805885,1
4628,3743.629032,1053.732923,-2944.857006,7537,3743.629032,1615.247222,-130.7041624,5111,3603,907.554566,-1059.850104,5284,3583.274194,981.9049814,-172.6842727,162.0194236,166.5670426,174.2587719,37.18133103,32.83151554,27.33325074,0.430435761,0.432553972,0.402985866,9.171875,20.34393634,5.66003085,1
5324,4114.322581,1136.720378,-3332.619145,9619,4114.322581,2085.237163,1438.629077,6433,4277.177419,1387.720764,-363.1291314,6618,4273.967742,1165.462015,-18.65267004,152.8126984,159.2266667,169.3231746,37.41926968,32.96233618,27.32499878,0.565068933,0.568423796,0.577028072,9.10546875,20.0308681,5.623352157,1
4856,3902.387097,1091.279648,-3080.66079,8666,3902.387097,1874.625351,733.8555272,6073,4163.33871,1145.137038,169.5984157,6013,4158.83871,1033.208847,-455.8299256,152.3961905,158.5460317,169.0412698,38.2889331,33.86826405,28.08929432,0.536702431,0.536526464,0.538145081,8.9609375,19.75524185,5.573159641,1
4661,3725.064516,1040.879976,-2952.667084,7026,3725.064516,1759.955249,120.6091788,6337,3849.758065,1190.514672,-36.18579422,6208,3865.435484,932.5449504,114.1302632,155.4295334,160.1038961,170.1178451,37.92010427,33.85574438,28.27294411,0.463268585,0.468480876,0.441392511,11.8359375,26.27936828,5.426093593,1
5445,4233.887097,1211.77255,-3155.075963,8564,4233.887097,1707.001929,-84.57422005,7141,4219.790323,1298.289559,-293.0326177,6560,4219.903226,1300.315454,-322.6105494,163.4839002,167.3895692,175.1560091,38.679664,34.73417263,29.26040976,0.151482771,0.13591601,0.089467425,12.5390625,26.73343187,5.042405704,1
5029,3855.564516,1072.097261,-3057.495476,8685,3855.564516,1799.981296,628.7048958,6095,3969.967742,1165.462264,-317.7839473,5658,3985.33871,1089.380009,-1055.363618,157.3783922,162.4956477,171.8095238,38.77538723,34.21490329,28.33275632,0.389268973,0.398475558,0.425507134,11.2109375,24.95380413,5.544173512,1
4125,3074.33871,884.9307052,-2246.178331,7709,3074.33871,1822.789399,1269.084229,6393,3344.145161,1458.151723,-286.422574,5266,3352.758065,964.9825953,-205.2758157,176.7142857,173.0387302,172.2990476,41.78268365,42.42097892,42.30522613,-0.702880623,-0.707677757,-0.718868991,9.0390625,20.57856516,5.428165521,2
2908,2071.33871,665.4423933,-1138.274036,4516,2071.33871,1164.020784,125.2072869,6347,2232.887097,1852.259571,1322.479217,3376,2224.612903,487.5567578,251.2406953,132.4636364,134.4532468,132.9909091,34.16756801,34.00860886,34.73590411,-0.99525117,-0.992092109,-0.956587674,6.015625,21.25440556,8.536276879,2
4319,3022.725806,949.9611396,-1759.254095,4922,3022.725806,1099.363103,-1168.806932,4039,3007.564516,601.4522377,-186.2406486,10806,3000.983871,2629.756357,3806.539854,140.4138599,140.4138599,140.4138599,62.41453028,62.41453028,62.41453028,-1.330309603,-1.330309603,-1.330309603,11.75,24.30934166,3.557285938,2
4297,3251.403226,918.6225568,-2478.110731,5649,3251.403226,1288.981912,-887.1271857,4102,3197.532258,561.4655569,-270.3385414,9373,3196.435484,2350.768286,2629.359728,163.9769841,163.9769841,163.9769841,32.32845241,32.32845241,32.32845241,-0.400412953,-0.400412953,-0.400412953,7.4609375,17.98787332,5.183638777,2
4771,3356.903226,1006.283704,-2199.596247,5582,3356.903226,1372.232308,-819.248085,5120,3289.129032,654.1474748,624.5819288,8856,3280.451613,2283.364529,2408.469689,150.823726,150.823726,150.823726,65.89027743,65.89027743,65.89027743,-1.475872968,-1.475872968,-1.475872968,10.88671875,25.68826882,4.893990203,2
4055,2928.193548,838.1999115,-2123.186719,8015,2928.193548,1983.822271,2023.205168,5680,3272.564516,982.466902,220.8094321,5547,3266,1548.052512,-371.7657212,173.8456486,170.3377121,171.2862616,31.53191859,32.8500152,32.70725073,-0.441963781,-0.465098324,-0.467758697,9.984375,22.97356448,4.812947905,2
5386,3608.048387,1217.485132,-1829.5991,5791,3608.048387,1398.723628,-1139.7584,5330,3658.032258,939.8647632,-190.8907868,9674,3634.887097,1962.435165,2560.975149,151.8378378,151.8378378,151.8378378,66.46579359,66.46579359,66.46579359,-1.470120356,-1.470120356,-1.470120356,10.48046875,22.96232489,4.708220269,2
5573,3658.225806,1245.72674,-1838.05181,6780,3658.225806,1431.860457,-494.6273785,5586,3747.467742,983.9606227,-191.4632075,7661,3738.903226,2007.853225,850.0221074,186.3858364,186.3858364,186.3858364,25.90569626,25.90569626,25.90569626,-0.706791511,-0.706791511,-0.706791511,9.48046875,21.62139997,5.320403411,2
6526,3264.596774,1757.139716,349.9191129,4158,3264.596774,903.2915876,-2617.219673,4465,3531.225806,626.8717114,-629.1060412,6984,3528.387097,1718.6004,79.48352326,192.3062169,189.7903439,189.9047619,26.4848367,27.01026822,26.26682235,-0.696203637,-0.683346626,-0.665966438,8.93359375,20.50878746,5.668529986,2
4210,3006.967742,875.1608878,-2087.954509,8036,3006.967742,1968.947975,1867.500333,5857,3320.725806,1032.046044,284.1388561,5554,3315.080645,1549.475648,-431.9857156,171.7366255,168.1358025,169.2134039,31.49884994,32.87282989,32.90459312,-0.364868076,-0.382524813,-0.377190736,9.34375,20.46432042,4.472728494,2
5954,3667.580645,1591.372653,-806.0383123,5647,3667.580645,1181.555161,-1959.851183,6899,3907.274194,1719.74263,430.1696949,6029,3914.016129,1092.861773,120.3605801,162.025,162.025,162.025,66.35044474,66.35044474,66.35044474,-1.732588091,-1.732588091,-1.732588091,11.58203125,26.18351402,4.74903357,2
5146,3103.016129,1035.717633,-1397.55943,5422,3103.016129,1178.371956,-637.395305,4429,3073.258065,534.6009949,271.0767263,8000,3077.064516,1975.545354,2020.835746,174.2880952,174.2880952,174.2880952,33.10994697,33.10994697,33.10994697,-0.716705151,-0.716705151,-0.716705151,7.53125,18.55653424,5.143805707,2
8486,3144.935484,1825.219703,1790.376061,4399,3144.935484,920.6723152,-2178.253291,4690,3433.096774,854.6067519,-775.8743209,5939,3438,1330.531873,143.1959966,173.2418301,170.162465,170.7245565,21.71131719,22.165887,21.81527883,-0.939697049,-1.032210457,-1.083111863,11.9921875,26.16075205,3.900084175,2
6957,3278.870968,1708.44595,819.8115742,4605,3278.870968,979.8351817,-2129.012427,6617,3415.516129,1695.454081,-73.57054855,5082,3414.548387,899.8363234,-210.5015703,187.1182796,185.2467998,187.7854583,28.38470699,29.01523376,27.87240611,-0.631282699,-0.638343649,-0.647180911,10.51953125,20.80019538,4.775275784,2
4406,3005.741935,997.2097352,-1416.090213,6156,3005.741935,1573.896295,-37.19573593,4169,3130.193548,770.5724483,-738.2719709,7743,3133.258065,1960.745949,1334.115714,180.3732094,176.7197058,176.9361208,28.94033957,30.52789555,30.5250255,-1.011730568,-1.083884294,-1.118738638,13.6875,27.52306966,3.543332811,2
5378,3696.645161,1161.610438,-2034.954272,7231,3696.645161,1770.587082,189.2706157,6142,3956.467742,1030.771019,-82.38073166,6899,3943.629032,1857.825292,-496.7509355,157.8239963,156.1526611,158.6629318,26.36462919,27.93203269,27.81867925,-0.818830019,-0.895856747,-0.924076718,11.29296875,23.22885748,3.395692325,2
4449,3213.693548,925.6763802,-2285.02969,7589,3213.693548,2068.397764,1429.555813,6860,3385.532258,1593.638146,110.4904255,5126,3383.516129,1063.923426,-214.7041909,143.0659341,139.7374847,140.6452991,27.66330002,29.88483306,30.29290184,-0.253916937,-0.300545775,-0.323652041,8.89453125,19.84754533,4.486988018,2
4745,3602.741935,1031.651994,-2638.138131,6898,3602.741935,1826.157582,-354.7436285,5853,3794.580645,1036.95092,243.3336539,8041,3797.064516,1995.882325,597.3070037,153.2686203,150.1367521,151.2930403,30.49737414,32.86280884,34.05853977,-0.389620574,-0.424375011,-0.45622791,13.27734375,26.91540894,3.720860583,2
5951,3224.112903,1515.64942,-272.4181778,4718,3224.112903,981.7261313,-2016.931518,5267,3373.596774,1169.297893,-30.17431161,5369,3360.258065,856.2071639,-83.04697711,145.6481481,141.6904762,142.2943122,31.44558177,32.72097388,32.82636328,0.129387907,0.140912331,0.150702722,9.02734375,21.75770542,6.220201791,2
4421,3187.467742,921.2677751,-2240.894335,7537,3187.467742,2059.497697,1383.717539,6762,3410.370968,1542.317038,179.3677718,5105,3416.33871,1040.220881,-212.2470176,142.1746032,138.8050794,139.712381,27.62528154,29.85502706,30.26065294,-0.21416705,-0.258313044,-0.280312254,9.4296875,23.7346082,5.831249441,2
6195,4293.080645,1325.538117,-2696.361749,6805,4293.080645,1389.317903,-2101.973964,6834,4430.483871,1380.685042,-165.5234248,6175,4409.193548,1107.832435,-187.797958,128.0265518,128.0265518,128.0265518,33.053255,33.053255,33.053255,-0.757997414,-0.757997414,-0.757997414,6.82421875,16.1462755,4.565085016,0
6710,4295.290323,1416.535328,-2186.647408,6089,4295.290323,1302.283025,-2695.37963,6146,4373.483871,911.0554096,-884.6453294,6301,4373.080645,1232.493438,-522.3917037,137.3153595,137.3153595,137.3153595,45.27313866,45.27313866,45.27313866,-2.532911185,-2.532911185,-2.532911185,14.3203125,30.79020802,3.302469347,0
4501,3036.83871,1028.476076,-1369.282871,4646,3036.83871,979.8609545,-1632.910297,4431,2759.483871,650.4189405,418.7373266,4470,2748.467742,739.72636,259.3944368,113.3874092,113.3874092,113.3874092,46.53752491,46.53752491,46.53752491,-1.720313982,-1.720313982,-1.720313982,15.74609375,34.13191315,3.32969049,0
6267,4584.516129,1320.118442,-3286.11364,6220,4584.516129,1339.046143,-3224.527978,6621,4533.66129,1179.391641,-674.6110268,6289,4537.258065,793.8078084,-179.6060085,152.0251628,152.0251628,152.0251628,25.60878301,25.60878301,25.60878301,-4.100784421,-4.100784421,-4.100784421,7.661458333,20.96044641,6.974988934,0
5927,3262.306452,1270.734479,-653.2855913,4594,3262.306452,1045.440679,-1812.022846,5121,3203.354839,915.6734891,-44.58940368,5233,3197.83871,861.081619,-170.990908,137.0867542,137.0867542,137.0867542,53.11291042,53.11291042,53.11291042,-2.130934537,-2.130934537,-2.130934537,14.2578125,29.79023494,2.38235165,0
6218,4432.709677,1432.050925,-2425.921054,6100,4432.709677,1303.691167,-3051.741059,6569,4428.887097,997.2285321,-682.764456,6924,4446.467742,1300.225064,-294.4518707,138.9425038,138.9425038,138.9425038,37.33155052,37.33155052,37.33155052,-3.00732637,-3.00732637,-3.00732637,6.162760417,17.34206906,7.350822271,0
5875,4189.580645,1281.981563,-2658.113771,6608,4189.580645,1284.941087,-2526.734701,6220,4136.467742,1132.205793,-511.355987,6266,4156.903226,1150.824343,-116.6788792,128.0634921,128.0634921,128.0634921,49.80958577,49.80958577,49.80958577,-1.910571581,-1.910571581,-1.910571581,15.171875,31.76473013,3.258482964,0
6463,4171.677419,1436.564728,-1748.460925,5787,4171.677419,1297.931018,-2536.819155,6054,4218.274194,1109.637272,-881.6330799,5761,4223.83871,1034.580501,-439.2803554,113.7295896,113.7295896,113.7295896,65.666206,65.666206,65.666206,-1.136692408,-1.136692408,-1.136692408,4.364583333,16.44727203,6.808931291,0
6085,4400.935484,1347.586659,-2703.749759,6506,4400.935484,1544.520939,-1920.95735,6269,4396.032258,931.3355995,156.0899088,7153,4399.645161,1382.363953,-5.893842687,108.9052429,108.9052429,108.9052429,44.95870765,44.95870765,44.95870765,-1.861640288,-1.861640288,-1.861640288,10.1171875,24.95506993,4.563941373,0
6196,3680.145161,1301.97023,-1331.059417,5701,3680.145161,1235.074072,-1659.757032,5514,3641.33871,1099.234454,-272.6442356,5527,3655.919355,875.1209004,-120.9906352,156.4962426,156.4962426,156.4962426,16.08845482,16.08845482,16.08845482,-4.151196764,-4.151196764,-4.151196764,5.868489583,16.85729898,7.629984434,0
6395,4831.935484,1374.704107,-3650.806608,6189,4831.935484,1395.338852,-3521.282643,5901,4643.790323,784.4416576,-500.6982921,7371,4646.145161,1330.999841,-35.5215115,102.56676,102.56676,102.56676,36.48946627,36.48946627,36.48946627,-2.100154967,-2.100154967,-2.100154967,15.234375,30.8159603,3.819106526,0
4207,2995.064516,889.9051213,-1963.53892,4905,2995.064516,1061.554397,-1006.441267,4209,2940.306452,707.4780879,-319.1002602,4964,2960.693548,873.9359907,674.4878701,129.7127732,129.7127732,129.7127732,45.37332785,45.37332785,45.37332785,-2.21969973,-2.21969973,-2.21969973,13.80859375,29.75662427,3.644300625,0
5871,4112.83871,1244.038613,-2627.406005,6031,4112.83871,1282.845818,-2311.383994,5755,3926.016129,843.0110299,-220.9417808,5698,3948.580645,1196.450821,-387.5527114,129.1462963,129.1462963,129.1462963,52.35310035,52.35310035,52.35310035,-1.94209204,-1.94209204,-1.94209204,15.70703125,32.96894095,2.592672785,0
6195,4575.774194,1329.822538,-3235.79898,6719,4575.774194,1382.120932,-2905.602845,6609,4560.516129,955.5993853,58.3345866,7154,4543.790323,1409.629855,-308.7284793,111.9323671,111.9323671,111.9323671,39.09132105,39.09132105,39.09132105,-2.226817258,-2.226817258,-2.226817258,13.54296875,29.2660132,4.09742716,0
7279,3824.612903,1470.056301,-683.9825743,5619,3824.612903,1201.264701,-2132.517123,5721,3762.209677,870.3821396,-363.6047133,6132,3780.467742,1308.226807,-173.329186,114.1608752,114.1608752,114.1608752,45.08485099,45.08485099,45.08485099,-1.869518215,-1.869518215,-1.869518215,11.76953125,28.65990208,4.582455112,0
6257,4496.854839,1326.525584,-3097.552271,6169,4496.854839,1365.538035,-2862.164933,5760,4322.467742,935.7489448,-261.7977124,6947,4322.387097,1017.833473,446.4960043,130.4097701,130.4097701,130.4097701,48.84013821,48.84013821,48.84013821,-2.007370029,-2.007370029,-2.007370029,15.20703125,31.44028059,3.386588614,0
7005,4202.451613,1421.236566,-1634.450062,6309,4202.451613,1371.444478,-2161.859916,7748,4134.225806,1151.369611,741.6953553,5963,4137.709677,1039.553912,-486.1567183,126.4082321,126.4082321,126.4082321,36.23936411,36.23936411,36.23936411,-2.449902847,-2.449902847,-2.449902847,13.98046875,28.24399053,3.444093658,0
5990,4331.790323,1293.126308,-2839.336576,6352,4331.790323,1355.964639,-2434.252852,6559,4257.66129,1101.959734,195.5219264,6687,4253.870968,968.8519226,72.42685478,136.7091768,136.7091768,136.7091768,41.8885535,41.8885535,41.8885535,-2.682292956,-2.682292956,-2.682292956,13.77734375,28.71608378,3.783623884,0
6121,4015.274194,1255.650868,-2213.940265,5629,4015.274194,1314.648195,-2186.779677,5177,3801.709677,609.3275613,-115.8715569,5338,3806.032258,878.9323796,-145.4393493,112.9662058,112.9662058,112.9662058,48.06306538,48.06306538,48.06306538,-1.811020853,-1.811020853,-1.811020853,9.296875,23.37334067,4.94948443,0
7414,4785.483871,1466.283625,-2759.5662,7447,4785.483871,1454.865261,-2920.483955,8371,4557.209677,1528.436869,157.3089227,6567,4559.774194,940.5184812,-180.2186182,120.3204365,120.3204365,120.3204365,45.34097923,45.34097923,45.34097923,-1.858367462,-1.858367462,-1.858367462,13.22265625,27.72973045,3.492944435,0
6163,3862.741935,1361.923378,-1494.877069,5294,3862.741935,1103.462088,-2855.244508,4971,3732.225806,819.7134712,-462.4711235,5924,3726.935484,884.5107427,264.6402381,158.9467787,152.8319328,145.821662,23.63415462,21.66638112,17.8726415,0.628341426,0.622853133,0.498653045,6.12109375,13.29243066,5.180583255,1
5679,3575.887097,1284.759374,-1355.295392,5137,3575.887097,1217.605597,-1700.388522,5454,3735.306452,844.8697092,85.15782948,8350,3738.83871,1711.534071,1217.02381,56.20183271,56.20183271,56.20183271,22.31224284,22.31224284,22.31224284,-1.416814698,-1.416814698,-1.416814698,10.1484375,24.98672946,5.719432856,1
6049,3825.387097,1412.657269,-1304.467547,5683,3825.387097,1101.75169,-2714.380661,5232,3814.096774,848.4593003,-392.8663578,6493,3803.451613,1123.31693,215.3477381,161.5739348,155.0517962,147.5263158,24.13465959,22.05724285,18.01443821,0.471556365,0.469047447,0.34130746,6.93359375,15.20969593,5.551021008,1
5692,3466.774194,1318.091343,-761.6899929,5546,3466.774194,1111.671952,-1788.86031,5421,3463.064516,873.3752449,352.9061519,5372,3458.290323,839.3110728,-148.6939097,164.5936508,157.7309524,149.7722222,23.92654018,21.92494037,17.6982563,0.380845131,0.366529366,0.2301523,7.23046875,15.41088837,5.399880786,1
6177,3650.33871,1415.942977,-997.6215712,4692,3650.33871,1024.087776,-2836.829121,5343,3574.322581,948.8250761,-89.72829247,6453,3566.112903,1091.718121,262.6033928,159.7674258,153.6086957,146.3864734,23.57152343,21.71483943,17.94046544,0.471694248,0.486002279,0.377718774,8.3125,17.42739455,4.996301274,1
5542,3792.145161,1226.270215,-1941.706986,5452,3792.145161,1162.988002,-2285.062468,6179,3713.870968,925.0448199,291.5548766,5320,3723.483871,1077.477876,-575.2176827,146.4789683,141.5718254,135.2079365,28.28827569,26.35500163,22.86731084,0.277078605,0.321475902,0.276223823,13.10546875,25.81793923,4.283503465,1
5685,3922.209677,1371.663543,-1862.357,5432,3922.209677,1178.707016,-2515.589437,6257,3731.870968,1259.413439,466.2970677,6073,3732.145161,1024.870957,335.2848276,140.0077417,136.5802857,131.7305696,25.79994836,24.28016,21.17933346,0.559283373,0.592031439,0.542978053,6.294921875,16.74246506,6.840326268,1
6352,3729.532258,1424.952911,-1167.911229,5242,3729.532258,1142.293826,-2265.715476,6111,3642.112903,1071.753268,769.7057738,5351,3646.370968,892.4511776,57.66426417,140.2818829,136.7564313,131.334428,28.4238372,26.39513452,22.64978924,0.742270411,0.754866933,0.694396194,10.5078125,23.39180179,5.542414506,1
6509,3795.16129,1416.559817,-1102.501356,5342,3795.16129,1173.07641,-2235.577473,5744,3747.709677,746.8910053,310.7764574,5283,3749.451613,835.8344426,-244.7997957,143.512605,139.2908497,133.3006536,29.31114802,27.06886643,23.22701246,0.523415598,0.559563367,0.511208481,11.171875,21.89445609,4.156801206,1
6131,4138.5,1358.500273,-2036.074019,5988,4138.5,1316.189794,-2268.426179,5833,3983.741935,902.3210382,-56.89099543,5418,3991.403226,977.2298316,-366.8972661,146.1717542,141.3569394,134.995116,28.82820375,26.73407205,23.10916161,0.336892148,0.378309798,0.328913986,12.8203125,25.70556338,4.259786378,1
5644,3697.225806,1260.045998,-1640.964322,6190,3697.225806,1195.253441,-1767.561167,5612,3696.870968,1042.400308,-242.6772387,5227,3697.645161,795.3769262,-13.38129186,127.1219716,126.2794486,122.726817,26.98705083,25.19098353,22.82508896,0.433713259,0.458981935,0.443300419,12.40234375,24.40111615,4.488625901,1
5942,3986.016129,1388.086307,-1830.649407,5989,3986.016129,1247.266488,-2253.495127,6028,4034.822581,848.7956843,-129.0687744,6495,4027.177419,1082.556495,345.3545253,127.3730159,125.8328042,121.7677249,27.84053251,26.07860692,23.10989425,0.434736334,0.4553172,0.441807579,10.6328125,23.34350912,5.343925622,1
6179,4080.822581,1415.557516,-1849.51736,5691,4080.822581,1214.667557,-2684.205926,6008,3966.016129,986.9846796,-359.2003454,6181,3952.741935,1075.170983,146.9545368,129.9072421,127.4484127,123.1686508,27.43610592,25.74911999,23.04402553,0.320226996,0.372669528,0.35069485,11.44140625,24.96382614,5.310671431,1
6843,3894.854839,1329.269662,-1375.03606,5421,3894.854839,1168.774777,-2550.588435,4870,3807.451613,772.6696844,-572.639975,7092,3795.209677,1603.578399,86.91653268,87.44683629,87.44683629,87.44683629,56.32716747,56.32716747,56.32716747,-0.585225033,-0.585225033,-0.585225033,7.689453125,18.45721444,6.652687894,1
6845,3879.419355,1365.809987,-1176.556818,5370,3879.419355,1167.695988,-2518.04994,4991,3869.629032,760.9186348,-404.63755,7591,3865.16129,1694.62847,391.6620132,113.8144621,113.8144621,113.8144621,46.24087081,46.24087081,46.24087081,-1.455647629,-1.455647629,-1.455647629,12.73828125,23.3973945,3.753342159,1
5355,3577.016129,1306.787769,-1364.931531,4665,3577.016129,1038.428178,-2554.789771,4569,3596.370968,498.326206,-137.5487677,7681,3610.064516,1744.39309,760.6943771,113.7260887,113.7260887,113.7260887,46.63152635,46.63152635,46.63152635,-1.463163055,-1.463163055,-1.463163055,12.19921875,24.7468082,4.716533417,1
4812,3676.435484,1055.573344,-2681.736624,7146,3676.435484,1401.54442,-493.5182892,7018,3584.919355,1591.528402,454.2510924,4336,3576.258065,593.7564923,-464.7555368,109.5938524,109.5938524,109.5938524,51.11562459,51.11562459,51.11562459,-1.285832891,-1.285832891,-1.285832891,16.12109375,27.01836095,2.436274255,1
5537,4151.548387,1243.517302,-2767.940213,5754,4151.548387,1282.853255,-2567.534996,7479,4148.129032,1635.588771,989.5854751,5847,4158.790323,875.7340172,-148.3234409,105.6395664,105.6395664,105.6395664,45.03979157,45.03979157,45.03979157,-1.32826721,-1.32826721,-1.32826721,11.625,21.82532725,4.348162425,1
5600,3485.580645,1066.419598,-1997.363524,5869,3485.580645,1449.399014,-1121.76797,6639,3450.403226,1382.52116,458.0306167,5122,3454.935484,1058.8328,-132.673642,56.31862176,57.90089044,57.78474642,15.30025688,13.91746909,13.18219095,0.440761039,0.495944127,0.548442408,13.796875,27.7818213,4.977821045,1
5038,3592.935484,1100.166422,-2164.267294,6582,3592.935484,1539.371928,-554.2678182,7604,3801.403226,1534.712871,798.3593337,5533,3784.693548,1038.612312,-926.9847887,55.96540497,57.5995116,57.47863248,15.38117053,14.00836891,13.34772008,0.433414954,0.483255045,0.537339847,13.09765625,26.14561931,4.845964533,1
3354,2708.709677,780.561923,-2005.988172,6865,2708.709677,1966.079876,1147.018999,4522,3035.532258,722.3801769,-209.3828453,5682,3043.387097,1808.069255,-295.3307634,154.2416226,155.4685479,161.6178718,33.96266316,34.85145742,35.10486195,-0.901044844,-0.904038122,-0.896291015,9.1484375,19.16919706,3.758113309,2
9715,3169.951613,2210.632091,2678.171245,5072,3169.951613,975.2752205,-1806.676215,5590,3454.048387,1374.247964,-524.1126548,5455,3439.870968,992.3043479,-518.8673786,99.5952381,101.4659864,109.9761905,42.04463264,42.19259212,42.16580623,0.416842989,0.425872521,0.435249696,2.296875,9.300419492,7.969835093,2
4053,2840.467742,866.1007488,-1756.176688,6999,2840.467742,1959.160565,1540.351542,6046,3186.032258,1248.000568,189.2104662,5930,3182.258065,1414.255258,91.92580828,139.3904762,140.081746,145.6642857,33.48373078,33.87737668,33.8438172,-0.419603807,-0.397073833,-0.369021372,7.5390625,18.18845943,4.96718885,2
7058,2695.983871,1816.753711,1634.959612,4285,2695.983871,921.5795608,-1111.242212,5074,2937.564516,1122.158183,-94.76065785,4508,2918.064516,1240.507309,-543.6006068,152.5308642,154.8068783,161.2619048,35.70974034,35.80474073,35.48851833,-0.640962574,-0.634764943,-0.620083536,6.44140625,15.01823601,4.440642085,2
3992,2664.709677,857.5065764,-1375.754053,6767,2664.709677,2064.922653,1318.927851,4522,3049.725806,1037.691097,-911.6183687,6709,3056,1696.229509,362.476884,154.7336094,155.6873706,161.9220152,36.30901396,37.1311757,37.42308595,-0.722380192,-0.710006693,-0.697921822,8.5859375,21.48843009,5.726115067,2
5610,3015.532258,1596.091736,134.3781346,5000,3015.532258,929.0519399,-1677.231145,4436,3120.419355,822.122853,-668.933131,5894,3123.854839,1510.655891,509.3883264,156.664903,159.3227513,166.2281011,29.03545436,29.18565328,29.02264008,-1.258768273,-1.26423633,-1.278251782,9.00390625,18.30127484,3.43531513,2
3858,2475.193548,836.8034771,-1116.040625,6977,2475.193548,1816.648401,1684.319226,3774,2523.193548,876.283314,-1054.34369,5815,2506.370968,1558.656724,1218.21709,162.3098178,162.7830688,168.5726044,32.03044303,32.7406655,32.91447849,-1.12887929,-1.135183609,-1.14245349,8.921875,18.62873683,3.263316951,2
6865,2610.241935,1901.68861,1419.962915,3579,2610.241935,770.1549841,-1746.297122,5039,2940.596774,1502.701787,-191.9837508,4258,2954.580645,687.8971591,-312.9806558,134.792517,136.5340136,146.2159864,50.72117135,50.73625144,50.34127696,-0.468004369,-0.458050089,-0.477497322,4.59375,15.52112346,7.514185182,2
3695,2813.709677,791.9839805,-2143.913415,6250,2813.709677,1445.98808,588.7979933,4348,2924.774194,896.805557,-395.1160808,6557,2914.741935,1708.578866,1118.57867,165.3439153,167.009768,173.2112332,32.19200127,32.78925793,32.87287195,-1.37667101,-1.378042415,-1.385609852,12.828125,25.9496775,3.277639615,2
4213,2858.564516,945.3809203,-1349.46487,9561,2858.564516,2369.234984,2918.222298,4471,3110.096774,897.0584494,-1003.579382,5091,3098.580645,1304.438015,-579.5594405,146.9449735,147.1365079,153.0920635,33.97059324,34.53012473,34.72981109,-0.140670871,-0.124323221,-0.118011288,6.3359375,19.94376521,8.051992078,2
4580,2722.806452,969.554085,-748.6469921,6638,2722.806452,1705.209086,667.2381886,6543,2654.516129,1460.603882,1536.223703,4750,2634.225806,1009.105024,442.0957044,144.8550725,145.6928916,151.3850932,34.16573059,34.54188341,34.34197682,-0.556619796,-0.546514564,-0.521447492,8.71875,21.65818595,5.695619794,2
3681,2913.693548,852.7227471,-2076.325522,7961,2913.693548,2154.496465,1530.26572,4653,3127.693548,990.9425065,-1012.871915,6306,3136.806452,1797.389234,186.5362287,153.8447972,155.2380952,161.4609053,33.64091797,34.36153678,34.58872878,-0.870397067,-0.873136796,-0.86481665,9.14453125,19.18564578,3.924770269,2
9106,2535.209677,2184.11717,3699.138797,3390,2535.209677,749.9775725,-1699.926345,4434,2768.774194,1058.673644,-816.0048901,4387,2753.209677,780.6833263,-206.851316,126.7942584,128.7368421,137.0542265,49.95689465,50.23176872,49.91358012,-0.203369506,-0.205443239,-0.19419029,4.8984375,17.52045226,7.809698363,2
7062,2285.5,1772.914966,2130.192126,3372,2285.5,769.7957783,-1098.700146,4604,2419.935484,1355.885937,95.74358658,4042,2439.064516,823.8630068,-45.21305275,121.3325,123.0875,132.47,48.73604358,48.82704009,48.4505841,-0.220674081,-0.215163291,-0.226503389,3.125,11.57752402,8.131634211,2
3606,2575.919355,793.0334228,-1522.50832,8771,2575.919355,2157.54361,2889.44244,5134,2817.725806,948.9301135,-149.2955409,5572,2837.677419,1318.897472,-217.0656967,129.4827264,130.9934641,139.4042951,41.45567228,41.59213451,40.89822421,-0.365218199,-0.377355807,-0.371862497,7.28515625,22.23271011,6.869004924,2
3866,2886.451613,854.2502972,-2001.200773,9031,2886.451613,2305.009101,2569.090807,4848,2745.225806,1343.762381,-403.832725,4324,2708.467742,1141.653127,-270.1411132,137.9422799,138.8672439,146.1457431,39.21144978,39.37450678,38.88945891,-0.295696285,-0.305961193,-0.307189974,8.3203125,21.28134445,5.916942238,2
4118,3337.516129,928.4890039,-2654.703854,8953,3337.516129,2183.38876,1765.680719,5632,3624.419355,1438.812072,-490.7760145,5618,3635.5,1103.832353,-378.1505495,142.8579783,144.5639098,151.0935673,37.65130275,37.96241338,37.60825111,-0.305566917,-0.313166956,-0.321735068,6.98046875,16.90823677,4.989505836,2
3717,2787.306452,834.1787073,-1834.681339,8468,2787.306452,2113.368131,1963.507729,6824,2694.548387,1653.600038,970.6859384,4397,2672.693548,1080.503162,-596.578617,140.5859788,141.5376984,148.4272487,38.45278854,38.5678802,38.07238648,-0.437467698,-0.444034085,-0.4476486,9.046875,22.93790408,5.868471718,2
3782,2841.903226,809.9596109,-2116.963149,10195,2841.903226,2481.950987,3429.451007,5957,3127.709677,1482.99734,-261.9797323,4731,3141.596774,985.0028403,-684.6712242,137.6890332,138.7200577,146.0945166,38.75885574,38.75645813,38.233265,-0.413035375,-0.4315097,-0.430621333,8.40234375,21.46785022,5.733251537,2
4065,2999.83871,863.1033129,-2139.57615,8286,2999.83871,2018.005964,1727.525054,5635,2933.677419,1173.973344,131.2865393,5461,2888.774194,1120.010663,160.6699251,142.6049383,144.164903,150.5987654,39.75991676,39.95131697,39.56498949,-0.185156461,-0.20146102,-0.219966266,6.6171875,16.33546157,4.911026968,2
7062,2349.322581,1504.688713,1242.525287,4588,2349.322581,983.865972,-374.7160518,4074,2277.048387,1081.453121,-144.1531702,4540,2277.983871,973.2899229,713.5330425,157.9991055,162.0500894,164.6994633,16.8363426,14.93980752,12.96565643,0.64269157,0.667604457,0.700451433,7.63671875,20.49722689,6.772895481,0
5157,2682.435484,1157.099692,-321.4600595,4695,2682.435484,1010.665856,-667.5144139,4254,2792.967742,1039.428285,-646.4267304,6182,2792.709677,1291.636326,643.1642916,160.7736626,160.7736626,160.7736626,15.76630405,15.76630405,15.76630405,0.9871846,0.9871846,0.9871846,6.52734375,16.27968471,6.154593556,0
4056,1997.612903,1094.475281,117.2982956,5518,1997.612903,1391.886934,1546.74257,3812,2021.032258,1138.116341,72.50366201,5026,2037.822581,1107.387459,1046.161319,101.0308642,101.0308642,101.0308642,49.46752555,49.46752555,49.46752555,-0.767690185,-0.767690185,-0.767690185,7.59375,24.37273627,6.273518075,0
3949,2099.032258,1006.698804,136.8420033,4912,2099.032258,1083.933741,516.8850055,4010,2081.451613,948.6303144,735.034193,4472,2082.080645,973.8742765,575.7545949,104.7984127,104.7984127,104.7984127,59.21388992,59.21388992,59.21388992,-0.902332707,-0.902332707,-0.902332707,4.921875,18.40796761,6.809628577,0
5156,2658.241935,1466.604711,-282.2999116,5521,2658.241935,1320.373514,136.5799567,5525,2715.790323,1384.75822,176.3126461,5705,2727.032258,1276.30922,686.4754326,119.516165,119.516165,119.516165,43.97214604,43.97214604,43.97214604,-1.19358805,-1.19358805,-1.19358805,10.87109375,26.08956813,5.688224199,0
6270,3408.145161,1660.080846,-163.1671732,5561,3408.145161,1424.465048,-798.0445256,7637,3760.354839,1962.604015,388.9292277,6297,3761,1527.360394,-540.6542962,152.0436364,152.0436364,152.0436364,14.12380021,14.12380021,14.12380021,0.277126655,0.277126655,0.277126655,6.4453125,21.95870008,8.328408004,0
5116,3418.629032,1184.291039,-1601.522664,4875,3418.629032,1091.08511,-1982.897235,7533,3589.887097,1811.929181,607.5763497,4889,3593.693548,724.6481368,-378.8544044,148.0939358,148.0939358,148.0939358,21.25801462,21.25801462,21.25801462,-2.831185025,-2.831185025,-2.831185025,9.546875,20.35592971,4.826202518,0
6590,4211.145161,1369.637082,-2006.661068,6201,4211.145161,1265.679173,-2686.150682,6299,4082.854839,1047.548103,-300.7988296,6285,4087.790323,1067.004522,118.3918039,151.6427074,151.6427074,151.6427074,54.56378994,54.56378994,54.56378994,-2.32696613,-2.32696613,-2.32696613,14,30.1839413,3.166147297,0
5491,3924.419355,1198.987726,-2523.778386,5771,3924.419355,1194.077489,-2433.929022,6330,3816.693548,948.969638,381.825336,5446,3837.516129,968.7168557,-292.5400504,161.8298738,163.1123321,159.000407,14.02124801,13.80333105,13.39987972,0.658880281,0.665649634,0.833791588,11.9296875,23.90653856,4.446113453,0
5382,3734.483871,1206.054869,-1988.812562,5915,3734.483871,1200.7721,-1867.653637,4859,3603.112903,771.1408203,-2.965346445,5195,3618.306452,951.556104,-283.6029639,166.5086924,168.377551,164.9334845,12.24036944,12.03688314,11.78954232,1.043611308,1.028659125,1.188333765,11.80859375,20.59807424,2.564238572,0
5062,3689.951613,1090.40332,-2538.025771,5596,3689.951613,1140.707907,-2161.110421,6096,3531.16129,1049.383432,214.7831637,4848,3536.854839,691.3557706,-245.5609855,143.148904,143.148904,143.148904,61.70421116,61.70421116,61.70421116,-1.841506372,-1.841506372,-1.841506372,14.7265625,31.12397272,2.491740487,0
3610,2266.612903,750.6520253,-1035.703153,3607,2266.612903,749.5427284,-1034.553272,3319,2071.387097,596.133898,25.29604243,2929,2072.66129,631.4795975,-297.5176211,153.1674765,153.1674765,153.1674765,54.17918421,54.17918421,54.17918421,-2.362567172,-2.362567172,-2.362567172,12.9453125,27.85518696,2.924113649,0
5802,4099.467742,1221.014936,-2701.082243,6036,4099.467742,1231.167315,-2574.732974,5386,3907.290323,911.7058345,-117.654397,5483,3903.5,1072.194746,-540.5764685,154.2675325,154.2675325,154.2675325,56.95668336,56.95668336,56.95668336,-2.24752024,-2.24752024,-2.24752024,14.44140625,32.17641496,3.190748565,0
4460,3182.612903,1027.512128,-1797.821569,5398,3182.612903,1082.496865,-1259.940378,5706,3218.370968,1009.827281,329.0084796,4865,3231.145161,761.4442315,-37.19941423,146.7654321,146.7654321,146.7654321,55.17568865,55.17568865,55.17568865,-2.005031846,-2.005031846,-2.005031846,11.17578125,21.65818456,2.365434461,0
5408,3668.887097,1189.029858,-1875.384144,5520,3668.887097,1131.179788,-2090.337271,6183,3651.16129,1046.80126,141.5453665,4926,3649.064516,1048.147427,-706.6938896,164.9586524,164.9586524,164.9586524,35.92134522,35.92134522,35.92134522,-1.681380286,-1.681380286,-1.681380286,7.311197917,19.25587258,6.642241226,0
6374,4290.935484,1339.49592,-2525.842085,6034,4290.935484,1272.026373,-2848.09092,6526,4250.048387,1157.411802,-231.3973677,6404,4241.741935,1009.916188,-399.7524665,166.508876,166.508876,166.508876,27.41645466,27.41645466,27.41645466,-2.175862655,-2.175862655,-2.175862655,5.700520833,17.97664028,7.433392632,0
5426,4162.870968,1254.222655,-2760.903878,7037,4162.870968,1321.824551,-2135.94324,5813,4142.080645,1126.466905,-731.5737006,6357,4138.66129,1135.119376,14.62093808,153.1470466,153.1470466,153.1470466,46.50032497,46.50032497,46.50032497,-2.559893695,-2.559893695,-2.559893695,6.59765625,19.96708899,7.702810235,0
4534,2120.33871,1184.888452,157.8522145,4810,2120.33871,1345.829975,389.8180112,5727,2402.516129,1591.405919,464.0467515,5445,2402.935484,1508.36967,290.6544089,134.8125,134.8125,134.8125,20.26078188,20.26078188,20.26078188,0.968412173,0.968412173,0.968412173,6.125,19.71654603,7.839384666,0
2413,1375.66129,513.9401228,-307.7929832,3050,1375.66129,545.8140692,118.4073831,2610,1309.548387,489.5153191,545.5843591,2781,1314.306452,520.2519113,442.2036322,127.4874552,127.4874552,127.4874552,53.63869448,53.63869448,53.63869448,-1.892390559,-1.892390559,-1.892390559,15.640625,34.5523359,2.874392474,0
6293,3379.290323,1313.245529,-559.5562251,5622,3379.290323,1214.913596,-1051.479341,5586,3191.451613,1186.094984,302.2136175,4624,3192.080645,576.6147397,154.8963739,170.8114924,167.1078958,156.8623398,10.35835863,10.03690666,9.591817323,1.559090014,1.693493255,1.721934561,13.73046875,28.34933798,4.382705486,0
8508,2699.870968,2181.412227,2633.421914,4280,2699.870968,828.3805321,-1542.45018,4207,2602.096774,981.4656701,-691.7521832,5625,2570.629032,1287.92325,955.1099783,116.0226986,114.8411097,112.4716267,32.55767201,29.93102579,25.20867791,0.067505033,0.07044106,0.109396238,6.1953125,20.17619985,7.00040719,1
8917,2878.806452,2305.721221,3183.051577,4505,2878.806452,905.070178,-1508.220904,4724,2878.451613,1175.877074,-278.741885,5450,2840.048387,1125.511316,153.3642168,112.4660895,111.959596,109.8946609,29.58921387,27.25299323,22.30741891,0.054911625,0.07568931,0.112388629,5.4140625,17.88527997,6.953100857,1
9706,3183.435484,2170.937382,3239.47011,4618,3183.435484,1036.410362,-1616.231055,3958,2961.629032,892.7656058,-1011.302782,5353,2937.064516,956.713711,506.2486162,105.3764172,106.0929705,105.9160998,31.93589507,28.38303716,21.71443691,0.33007689,0.343798704,0.367360845,5.890625,17.30022557,5.848147814,1
10380,2801.774194,2396.645259,4366.370652,4552,2801.774194,883.5776874,-1445.244645,4534,2360.790323,909.0323664,322.9811168,3376,2333.951613,602.3053943,-312.7292646,110.0458554,111.4726631,111.5820106,25.59227203,23.87191447,19.39035272,-0.021321318,-0.047808343,-0.03842254,4.4296875,18.30030891,7.144204854,1
9935,2883.451613,2419.755797,3510.894115,4361,2883.451613,855.9993344,-1887.974772,3873,2585.112903,898.2665224,-396.3468968,3839,2552.693548,852.9256215,44.63519877,109.5029762,109.6825397,108.6111111,33.68504907,29.78155277,22.84583329,0.148309028,0.165112963,0.204919921,6.8515625,19.83933666,6.038468389,1
8794,2780.903226,2264.844677,3159.119995,4507,2780.903226,854.2544138,-1553.712259,4392,2698.612903,1153.66119,-418.2294089,4683,2647.887097,1048.334549,-245.6687354,110.3507937,110.0365079,108.2730159,28.48306304,26.15248813,21.39132895,0.066399668,0.073414257,0.115321581,4.921875,17.45602035,7.18053493,1
4986,3276.145161,1159.907294,-1491.779458,5058,3276.145161,1055.216319,-1670.304352,4358,3103.758065,692.0745272,44.08550776,9557,3110.112903,2186.128837,2784.882333,101.6939394,101.6939394,101.6939394,27.6328794,27.6328794,27.6328794,0.919950228,0.919950228,0.919950228,2.578125,9.397979649,8.291832064,1
5754,3637.064516,1149.547034,-1855.606659,7090,3637.064516,1592.743422,-345.3483687,5862,3901.83871,923.2903327,272.848575,8386,3909.177419,1930.300549,538.1270993,106.4925017,106.4925017,106.4925017,45.128759,45.128759,45.128759,-0.250732024,-0.250732024,-0.250732024,5.171875,17.68044326,7.413562152,1
5777,4243.790323,1218.536393,-3069.578669,6108,4243.790323,1231.795295,-2979.657701,4940,4044.467742,621.165832,-768.680411,9459,4044.758065,1768.484422,2231.459769,120.531746,120.531746,120.531746,58.541084,58.541084,58.541084,-0.485497485,-0.485497485,-0.485497485,12.953125,27.52472636,4.708329488,1
5689,4304.306452,1264.105467,-3052.124801,6070,4304.306452,1347.691139,-2454.20045,5873,4387.967742,1102.894066,-767.6481061,7284,4379.677419,1609.969352,449.785768,93.5104707,93.5104707,93.5104707,67.52082558,67.52082558,67.52082558,-0.24214232,-0.24214232,-0.24214232,4.66015625,18.87181164,7.635020692,1
5791,4323.532258,1220.308286,-3280.44395,8062,4323.532258,1755.563835,-912.672635,5942,4412.225806,1026.410853,-453.3535266,6005,4420.241935,909.2550954,-336.9210906,133.8480038,129.0759981,124.036075,49.44532144,45.84722729,39.8883018,0.502979775,0.52765789,0.497701859,10.81640625,20.94574345,4.002977622,1
5424,4183.145161,1203.91789,-3063.93958,6479,4183.145161,1370.375118,-2043.836014,5470,4068.629032,806.9886323,-229.0722719,5641,4070.16129,950.1039535,-410.1395389,142.3499622,136.6318972,131.0740741,47.61559485,44.65829561,38.98404368,0.402557097,0.423656476,0.391788335,13.61328125,26.13163422,3.536568345,1
5514,4270.467742,1206.323189,-3258.418469,6862,4270.467742,1379.410203,-2090.384823,6409,4297.677419,1060.722285,-590.8419284,6776,4319.209677,1174.06681,153.6493529,137.3364198,132.1688713,127.1067019,47.14974976,44.13409662,38.58230728,0.52762898,0.541575951,0.501944044,11.7265625,22.05039705,3.465929169,1
5626,4251.596774,1221.969727,-3122.390845,7266,4251.596774,1529.206704,-1579.202404,5773,4223.370968,1022.603686,-308.66531,5937,4222.16129,1238.74626,-425.2533675,136.0658149,131.1773132,125.9705768,48.67969855,45.01834611,39.42818032,0.359889241,0.3979289,0.383394498,12.4453125,22.37340176,3.376541221,1
5947,4441.258065,1263.148893,-3306.15153,6825,4441.258065,1464.110265,-2076.787488,6546,4287.887097,1006.681102,650.4561843,6595,4281.645161,1245.453514,86.08722846,142.1734694,136.4493575,130.8223734,47.68816958,44.67090003,38.99039804,0.39315126,0.409207483,0.373128428,13.70703125,26.27241448,3.611344626,1
5973,4248.306452,1279.064497,-2698.097866,7322,4248.306452,1662.050673,-1202.547955,6779,4053.129032,1435.167884,319.7004656,5539,4068.451613,760.073016,219.2755793,130.4487031,126.8366241,123.4057298,49.16338777,45.56373377,39.58731557,0.518811033,0.574983364,0.573648505,13.28125,24.86530709,3.56669668,1
6443,4460.709677,1387.152565,-2701.42039,5911,4460.709677,1367.294708,-2766.763175,6236,4334.919355,927.2505368,-527.4239629,6525,4336.370968,974.5537148,-210.739864,156.9262372,151.4061625,146.1381886,45.649245,44.61051824,42.11583719,0.243686951,0.264948757,0.285833887,12.14453125,27.56134302,4.470733856,1
9172,4161.580645,1808.944609,-201.0697364,5588,4161.580645,1221.557699,-2904.755844,6930,4282.693548,1158.005621,526.9672995,5684,4286.145161,1081.68563,-974.359809,143.1283069,139.515873,135.9347443,48.72601686,46.72956093,43.73886526,0.481874249,0.503363548,0.523845788,11.88671875,25.51713828,3.812046187,1
7727,4315.225806,1610.409039,-1113.222056,6376,4315.225806,1357.098214,-2467.915599,6786,4272.887097,1110.789331,241.9185207,5774,4263.5,789.6731613,-208.0840215,141.7216931,137.3809524,133.5481481,52.28257376,49.63097532,46.11474141,0.377759357,0.42533738,0.437941914,10.84375,25.26628313,5.034711684,1
5796,4469.612903,1331.102167,-3050.445299,6045,4469.612903,1353.874456,-2933.026971,6464,4372.370968,1017.825976,-300.0763706,6622,4351.403226,1256.53975,18.71465994,157.4269294,151.1620142,146.2025178,49.13630047,47.83651027,44.98603486,0.258838249,0.295124968,0.309766756,10.5859375,25.30887206,4.760787641,1
3074,2394.854839,700.3955069,-1718.513329,7220,2394.854839,1856.695607,2538.569574,4299,2642.677419,1045.732661,-189.9906195,3977,2662.193548,892.1468098,-628.7643285,132.9657477,135.4903926,139.8705096,45.59189858,45.85975442,45.78905292,-0.955596151,-0.979900189,-1.049060824,6.6875,14.8891155,4.85203936,2
4319,3372.645161,996.9357907,-2393.459744,5319,3372.645161,1236.845325,-1428.795118,4433,3429.467742,527.354099,-101.1458825,9437,3432,2092.127625,1877.061724,120.2793651,120.2793651,120.2793651,25.63760977,25.63760977,25.63760977,0.039411353,0.039411353,0.039411353,7.48828125,17.30807887,6.134672352,2
3638,2767.532258,824.7696789,-1905.057454,7332,2767.532258,1706.71309,1911.302844,4698,2899.951613,1167.907067,-379.4048689,5236,2904.145161,978.9531085,464.4548908,145.8100529,147.5174603,151.3037037,37.69933131,38.36531395,38.88682312,-0.59594353,-0.64479173,-0.721653482,10.34765625,21.82529269,4.406644604,2
3780,2646.935484,787.5190089,-1746.837877,7679,2646.935484,1514.852254,1805.765075,4099,2848.935484,670.9162217,-226.0150852,5016,2835.387097,1187.294082,-149.7853905,128.6348443,128.6348443,128.6348443,62.74736977,62.74736977,62.74736977,-1.116085396,-1.116085396,-1.116085396,6.771484375,21.12027058,6.485643851,2
3068,2232.596774,662.2716152,-1505.761833,7304,2232.596774,1882.007477,2758.59743,4204,2313.225806,1077.060882,196.1424764,3673,2301.596774,930.3632392,-154.9934263,130.8455026,133.178836,137.2740741,46.27279868,46.59305733,46.78796045,-0.912753997,-0.931435296,-0.97813509,6.10546875,18.14383457,8.335376662,2
4336,3085.564516,905.0861235,-2115.268356,6993,3085.564516,1528.119777,502.9225097,3913,3136.870968,337.1444356,-17.42392608,9732,3131.774194,2230.819591,2500.190859,121.4238683,121.4238683,121.4238683,28.74481157,28.74481157,28.74481157,-0.03118515,-0.03118515,-0.03118515,9.80078125,21.22707672,5.077191067,2
3172,2264.419355,683.7313788,-1449.666795,5893,2264.419355,1274.429493,1195.843279,4097,2233.532258,990.0429889,123.0322912,3797,2247.435484,849.3588592,667.0500686,142.1825397,144.1502268,148.0436508,38.39986257,38.89032773,39.31960759,-0.878450977,-0.908859735,-0.98175463,9.59375,20.36787355,4.374796015,2
3687,2610.064516,789.5954021,-1701.055837,7276,2610.064516,1855.058062,1940.511061,4087,2376.725806,959.2438583,140.875447,3673,2363.596774,827.987503,-462.2100039,128.4332904,128.4332904,128.4332904,59.28565311,59.28565311,59.28565311,-1.21170684,-1.21170684,-1.21170684,10.9140625,24.0429013,4.794639595,2
3623,2725.387097,803.9838378,-1845.57226,8170,2725.387097,1955.318218,2480.329206,4572,2754.903226,1028.699049,260.5893547,3807,2769.370968,663.866612,-95.82072164,138.6851852,140.2257496,143.2389771,52.50711391,53.37584457,54.10547408,-0.938792709,-0.951150744,-0.972518903,6.3125,14.61475398,5.08813616,2
3595,2423.048387,743.5127269,-1433.934112,7544,2423.048387,1983.361235,2891.889386,4184,2590.919355,958.0784751,-114.9646734,4460,2587.758065,1085.779483,-644.917813,143.8888889,145.5306122,148.5464853,48.5079469,49.45334968,50.38084654,-0.947532491,-0.972066138,-0.998791651,7.35546875,16.46711288,4.727742631,2
3638,2735.596774,779.3777183,-2026.165838,11128,2735.596774,2734.254575,4180.758287,4517,2860.935484,1191.678051,-567.2440963,4397,2889.241935,1063.958838,-1066.258778,151.5274725,149.5824176,147.3980464,42.00398452,42.98176896,43.82967696,-0.352473994,-0.336706179,-0.297867044,6.3984375,21.49340009,7.922960435,2
4338,2621.629032,794.8304797,-1512.189049,10473,2621.629032,2520.31478,4053.16835,4206,2341.451613,1026.905918,595.0847791,4731,2306.66129,1318.055361,624.067688,154.7264957,152.9047619,150.01221,40.30198484,41.20431494,41.87051786,-0.43262492,-0.418431942,-0.381239385,6.3984375,21.73125624,8.015668274,2
3386,2486.354839,703.6757661,-1878.946092,7584,2486.354839,1824.517586,2250.557477,4450,2759.983871,862.12645,-112.1946903,5933,2760.83871,1358.935093,199.5158963,104.5602241,103.9514472,102.3305322,32.36474932,31.47511689,29.46911203,0.508688052,0.464366426,0.370353981,6.03125,13.24306983,5.297060479,2
3021,2228.306452,653.6114953,-1517.991478,7833,2228.306452,2091.760453,2952.35105,3476,2264.225806,934.2384413,-653.6908533,4444,2263.145161,1198.956022,17.85467656,169.5634921,171.0213675,165.019536,39.13871964,40.25043893,39.78324494,-1.193080102,-1.194345535,-1.192773456,8.6484375,17.24433478,4.404255009,2
2917,2302.225806,676.975137,-1619.854815,6321,2302.225806,1904.055345,1305.166582,3903,2247.629032,889.7746223,-583.1370775,5700,2257.725806,1742.930126,1096.647415,167.7142857,170.487619,163.5060317,37.55136527,38.51884312,38.23489383,-1.188753234,-1.176358736,-1.172013897,8.23046875,15.93862502,4.070094915,2
3244,2320.741935,703.57802,-1492.299312,7994,2320.741935,2042.992199,3069.783343,4112,2493.580645,947.2581919,-617.5361965,4692,2487.145161,1120.846941,-439.7704197,90.14172336,92.61337868,89.5600907,34.65337403,34.39188525,32.77192737,0.245981106,0.221882264,0.151130527,5.8828125,18.6880097,9.373260827,2
5089,3733.193548,1104.091567,-2529.666881,6413,3733.193548,1273.624531,-1285.986739,5005,3724.258065,854.679301,-447.8804479,7018,3724.16129,1579.863859,944.7154666,129.5926119,129.5926119,129.5926119,28.95374702,28.95374702,28.95374702,-0.640402909,-0.640402909,-0.640402909,11.14453125,23.8598816,4.776900344,2
4889,3188.258065,1074.66892,-1443.074457,6855,3188.258065,1430.672963,271.401481,4551,3197.725806,714.0379083,-183.74393,7531,3199.677419,1958.331933,1048.425126,124.9954717,124.9954717,124.9954717,26.31234695,26.31234695,26.31234695,0.566340012,0.566340012,0.566340012,7.8359375,17.43742222,5.728363334,2
5302,3486.822581,1106.250038,-1896.258784,7023,3486.822581,1819.000102,590.5525335,5635,3771.677419,1395.602319,-636.1933089,6252,3780.903226,1180.930753,226.7601953,121.3542857,117.9809524,117.3777778,30.50127563,32.10201426,33.03439499,0.100667227,-0.052147431,-0.121253979,8.7421875,18.9915825,4.638564485,2
4113,2993.290323,885.187576,-2078.184839,6604,2993.290323,1664.68618,593.9207496,4626,3197.112903,910.0358218,-435.1656409,5406,3190.129032,1514.792794,-400.9844914,113.3143631,108.7634533,108.6457607,19.42559524,18.42361332,19.35663691,0.884584539,0.616200418,0.282114567,13.578125,25.6911753,3.437228062,2
